,fema_region_sovi_rank,us_sovi_rank,GEOID
0,57.0,108.0,g01001
1,306.0,407.0,g01003
2,300.0,729.0,g01005
3,134.0,48.0,g01007
4,228.0,268.0,g01009
5,640.0,192.0,g01011
6,340.0,85.0,g01013
7,422.0,696.0,g01015
8,719.0,300.0,g01017
9,714.0,315.0,g01019
10,237.0,197.0,g01021
11,359.0,541.0,g01023
12,550.0,431.0,g01025
13,584.0,697.0,g01027
14,322.0,548.0,g01029
15,488.0,499.0,g01031
16,324.0,575.0,g01033
17,569.0,199.0,g01035
18,630.0,396.0,g01037
19,720.0,344.0,g01039
20,638.0,608.0,g01041
21,479.0,504.0,g01043
22,622.0,531.0,g01045
23,502.0,90.0,g01047
24,641.0,711.0,g01049
25,126.0,174.0,g01051
26,168.0,569.0,g01053
27,603.0,544.0,g01055
28,660.0,694.0,g01057
29,631.0,720.0,g01059
30,593.0,705.0,g01061
31,366.0,138.0,g01063
32,508.0,283.0,g01065
33,721.0,570.0,g01067
34,381.0,717.0,g01069
35,480.0,368.0,g01071
36,289.0,612.0,g01073
37,617.0,552.0,g01075
38,546.0,662.0,g01077
39,658.0,393.0,g01079
40,137.0,58.0,g01081
41,176.0,128.0,g01083
42,496.0,287.0,g01085
43,138.0,47.0,g01087
44,89.0,80.0,g01089
45,690.0,284.0,g01091
46,600.0,506.0,g01093
47,709.0,710.0,g01095
48,348.0,620.0,g01097
49,627.0,449.0,g01099
50,433.0,652.0,g01101
51,299.0,402.0,g01103
52,116.0,22.0,g01105
53,701.0,297.0,g01107
54,644.0,613.0,g01109
55,722.0,594.0,g01111
56,560.0,279.0,g01113
57,97.0,81.0,g01115
58,26.0,18.0,g01117
59,108.0,15.0,g01119
60,498.0,632.0,g01121
61,552.0,314.0,g01123
62,221.0,301.0,g01125
63,601.0,687.0,g01127
64,634.0,104.0,g01129
65,514.0,123.0,g01131
66,604.0,647.0,g01133
67,,,
68,,,
69,,,
70,,,
71,,,
72,,,
73,,,
74,,,
75,,,
76,,,
77,,,
78,,,
79,,,
80,,,
81,,,
82,,,
83,,,
84,,,
85,,,
86,,,
87,,,
88,,,
89,,,
90,,,
91,,,
92,,,
93,,,
94,,,
95,,,
96,1.0,1.0,g04001
97,81.0,33.0,g04003
98,78.0,60.0,g04005
99,6.0,8.0,g04007
100,80.0,85.0,g04009
101,11.0,57.0,g04011
102,13.0,3.0,g04012
103,26.0,77.0,g04013
104,29.0,17.0,g04015
105,7.0,7.0,g04017
106,90.0,38.0,g04019
107,48.0,72.0,g04021
108,15.0,2.0,g04023
109,61.0,29.0,g04025
110,24.0,12.0,g04027
111,385.0,430.0,g05001
112,291.0,442.0,g05003
113,64.0,69.0,g05005
114,256.0,222.0,g05007
115,307.0,378.0,g05009
116,389.0,239.0,g05011
117,121.0,188.0,g05013
118,250.0,262.0,g05015
119,208.0,62.0,g05017
120,248.0,178.0,g05019
121,289.0,409.0,g05021
122,345.0,266.0,g05023
123,173.0,280.0,g05025
124,473.0,255.0,g05027
125,440.0,445.0,g05029
126,443.0,419.0,g05031
127,427.0,469.0,g05033
128,360.0,343.0,g05035
129,478.0,412.0,g05037
130,343.0,455.0,g05039
131,322.0,129.0,g05041
132,444.0,397.0,g05043
133,141.0,131.0,g05045
134,270.0,325.0,g05047
135,60.0,91.0,g05049
136,304.0,235.0,g05051
137,131.0,140.0,g05053
138,486.0,379.0,g05055
139,352.0,208.0,g05057
140,407.0,428.0,g05059
141,265.0,137.0,g05061
142,399.0,410.0,g05063
143,198.0,251.0,g05065
144,287.0,285.0,g05067
145,451.0,305.0,g05069
146,497.0,495.0,g05071
147,320.0,101.0,g05073
148,70.0,160.0,g05075
149,382.0,133.0,g05077
150,61.0,102.0,g05079
151,453.0,386.0,g05081
152,341.0,405.0,g05083
153,210.0,200.0,g05085
154,439.0,448.0,g05087
155,102.0,134.0,g05089
156,363.0,472.0,g05091
157,428.0,394.0,g05093
158,266.0,89.0,g05095
159,388.0,247.0,g05097
160,484.0,321.0,g05099
161,325.0,502.0,g05101
162,381.0,242.0,g05103
163,253.0,335.0,g05105
164,146.0,40.0,g05107
165,503.0,429.0,g05109
166,195.0,216.0,g05111
167,310.0,315.0,g05113
168,472.0,383.0,g05115
169,332.0,278.0,g05117
170,254.0,417.0,g05119
171,228.0,291.0,g05121
172,447.0,339.0,g05123
173,114.0,151.0,g05125
174,390.0,457.0,g05127
175,36.0,71.0,g05129
176,315.0,468.0,g05131
177,223.0,167.0,g05133
178,101.0,144.0,g05135
179,167.0,153.0,g05137
180,344.0,421.0,g05139
181,233.0,209.0,g05141
182,416.0,329.0,g05143
183,358.0,347.0,g05145
184,182.0,97.0,g05147
185,227.0,236.0,g05149
186,25.0,26.0,g06001
187,14.0,78.0,g06003
188,51.0,71.0,g06005
189,71.0,66.0,g06007
190,68.0,76.0,g06009
191,44.0,32.0,g06011
192,22.0,20.0,g06013
193,16.0,47.0,g06015
194,21.0,23.0,g06017
195,46.0,31.0,g06019
196,77.0,51.0,g06021
197,67.0,89.0,g06023
198,8.0,4.0,g06025
199,53.0,43.0,g06027
200,89.0,58.0,g06029
201,79.0,86.0,g06031
202,27.0,36.0,g06033
203,82.0,11.0,g06035
204,64.0,62.0,g06037
205,42.0,30.0,g06039
206,47.0,9.0,g06041
207,86.0,54.0,g06043
208,38.0,39.0,g06045
209,43.0,27.0,g06047
210,9.0,16.0,g06049
211,30.0,56.0,g06051
212,57.0,45.0,g06053
213,62.0,68.0,g06055
214,56.0,61.0,g06057
215,75.0,28.0,g06059
216,19.0,22.0,g06061
217,32.0,50.0,g06063
218,54.0,81.0,g06065
219,45.0,90.0,g06067
220,55.0,83.0,g06069
221,49.0,80.0,g06071
222,41.0,48.0,g06073
223,5.0,55.0,g06075
224,76.0,73.0,g06077
225,59.0,40.0,g06079
226,60.0,14.0,g06081
227,72.0,87.0,g06083
228,28.0,6.0,g06085
229,70.0,35.0,g06087
230,85.0,70.0,g06089
231,40.0,24.0,g06091
232,65.0,37.0,g06093
233,17.0,49.0,g06095
234,66.0,63.0,g06097
235,84.0,59.0,g06099
236,88.0,64.0,g06101
237,63.0,41.0,g06103
238,83.0,44.0,g06105
239,34.0,18.0,g06107
240,52.0,69.0,g06109
241,39.0,34.0,g06111
242,35.0,53.0,g06113
243,69.0,79.0,g06115
244,61.0,204.0,g08001
245,109.0,249.0,g08003
246,34.0,123.0,g08005
247,118.0,165.0,g08007
248,119.0,96.0,g08009
249,120.0,203.0,g08011
250,154.0,36.0,g08013
251,180.0,20.0,g08014
252,174.0,155.0,g08015
253,282.0,283.0,g08017
254,132.0,34.0,g08019
255,13.0,101.0,g08021
256,2.0,38.0,g08023
257,178.0,22.0,g08025
258,133.0,163.0,g08027
259,88.0,288.0,g08029
260,1.0,281.0,g08031
261,204.0,145.0,g08033
262,31.0,4.0,g08035
263,123.0,53.0,g08037
264,63.0,14.0,g08039
265,195.0,117.0,g08041
266,41.0,253.0,g08043
267,221.0,87.0,g08045
268,95.0,48.0,g08047
269,114.0,42.0,g08049
270,36.0,35.0,g08051
271,14.0,109.0,g08053
272,3.0,24.0,g08055
273,228.0,217.0,g08057
274,272.0,77.0,g08059
275,264.0,233.0,g08061
276,236.0,177.0,g08063
277,281.0,132.0,g08065
278,185.0,93.0,g08067
279,164.0,88.0,g08069
280,43.0,168.0,g08071
281,15.0,285.0,g08073
282,161.0,174.0,g08075
283,275.0,178.0,g08077
284,5.0,181.0,g08079
285,256.0,105.0,g08081
286,140.0,251.0,g08083
287,89.0,273.0,g08085
288,73.0,199.0,g08087
289,11.0,41.0,g08089
290,196.0,146.0,g08091
291,217.0,32.0,g08093
292,69.0,106.0,g08095
293,77.0,21.0,g08097
294,64.0,122.0,g08099
295,19.0,104.0,g08101
296,71.0,135.0,g08103
297,12.0,84.0,g08105
298,46.0,16.0,g08107
299,26.0,200.0,g08109
300,25.0,33.0,g08111
301,35.0,15.0,g08113
302,65.0,64.0,g08115
303,83.0,28.0,g08117
304,215.0,119.0,g08119
305,238.0,186.0,g08121
306,285.0,129.0,g08123
307,263.0,290.0,g08125
308,31.0,8.0,g09001
309,12.0,61.0,g09003
310,52.0,15.0,g09005
311,46.0,10.0,g09007
312,16.0,65.0,g09009
313,47.0,37.0,g09011
314,7.0,3.0,g09013
315,62.0,54.0,g09015
316,238.0,213.0,g10001
317,161.0,98.0,g10003
318,31.0,121.0,g10005
319,197.0,265.0,g11001
320,533.0,334.0,g12001
321,501.0,159.0,g12003
322,674.0,628.0,g12005
323,186.0,323.0,g12007
324,686.0,600.0,g12009
325,271.0,481.0,g12011
326,46.0,220.0,g12013
327,78.0,25.0,g12015
328,56.0,21.0,g12017
329,92.0,126.0,g12019
330,75.0,63.0,g12021
331,495.0,495.0,g12023
332,14.0,307.0,g12027
333,252.0,598.0,g12029
334,504.0,440.0,g12031
335,612.0,565.0,g12033
336,357.0,130.0,g12035
337,28.0,538.0,g12037
338,258.0,303.0,g12039
339,537.0,249.0,g12041
340,5.0,50.0,g12043
341,66.0,442.0,g12045
342,67.0,237.0,g12047
343,32.0,246.0,g12049
344,10.0,177.0,g12051
345,292.0,111.0,g12053
346,23.0,8.0,g12055
347,524.0,655.0,g12057
348,380.0,523.0,g12059
349,190.0,72.0,g12061
350,91.0,671.0,g12063
351,249.0,547.0,g12065
352,223.0,200.0,g12067
353,293.0,228.0,g12069
354,88.0,95.0,g12071
355,212.0,196.0,g12073
356,244.0,306.0,g12075
357,215.0,13.0,g12077
358,255.0,727.0,g12079
359,240.0,201.0,g12081
360,142.0,60.0,g12083
361,349.0,280.0,g12085
362,6.0,12.0,g12086
363,181.0,336.0,g12087
364,164.0,195.0,g12089
365,541.0,361.0,g12091
366,30.0,188.0,g12093
367,308.0,695.0,g12095
368,39.0,75.0,g12097
369,203.0,224.0,g12099
370,464.0,424.0,g12101
371,123.0,255.0,g12103
372,248.0,290.0,g12105
373,162.0,259.0,g12107
374,84.0,102.0,g12109
375,166.0,140.0,g12111
376,114.0,74.0,g12113
377,100.0,40.0,g12115
378,207.0,217.0,g12117
379,22.0,9.0,g12119
380,188.0,614.0,g12121
381,177.0,526.0,g12123
382,24.0,59.0,g12125
383,254.0,202.0,g12127
384,218.0,30.0,g12129
385,301.0,701.0,g12131
386,206.0,572.0,g12133
387,563.0,185.0,g13001
388,556.0,728.0,g13003
389,607.0,546.0,g13005
390,535.0,57.0,g13007
391,192.0,346.0,g13009
392,93.0,51.0,g13011
393,99.0,115.0,g13013
394,180.0,218.0,g13015
395,235.0,125.0,g13017
396,629.0,436.0,g13019
397,595.0,239.0,g13021
398,515.0,500.0,g13023
399,414.0,293.0,g13025
400,428.0,465.0,g13027
401,49.0,46.0,g13029
402,417.0,243.0,g13031
403,581.0,222.0,g13033
404,283.0,133.0,g13035
405,19.0,698.0,g13037
406,171.0,136.0,g13039
407,129.0,285.0,g13043
408,170.0,242.0,g13045
409,127.0,347.0,g13047
410,503.0,148.0,g13049
411,583.0,660.0,g13051
412,354.0,3.0,g13053
413,707.0,419.0,g13055
414,36.0,32.0,g13057
415,419.0,574.0,g13059
416,8.0,4.0,g13061
417,579.0,534.0,g13063
418,238.0,120.0,g13065
419,110.0,53.0,g13067
420,723.0,294.0,g13069
421,549.0,553.0,g13071
422,37.0,31.0,g13073
423,558.0,650.0,g13075
424,52.0,61.0,g13077
425,303.0,187.0,g13079
426,441.0,158.0,g13081
427,220.0,241.0,g13083
428,85.0,105.0,g13085
429,277.0,230.0,g13087
430,647.0,357.0,g13089
431,448.0,349.0,g13091
432,468.0,338.0,g13093
433,525.0,124.0,g13095
434,55.0,86.0,g13097
435,444.0,154.0,g13099
436,86.0,270.0,g13101
437,31.0,26.0,g13103
438,409.0,155.0,g13105
439,304.0,359.0,g13107
440,619.0,595.0,g13109
441,432.0,275.0,g13111
442,13.0,17.0,g13113
443,609.0,411.0,g13115
444,12.0,6.0,g13117
445,611.0,722.0,g13119
446,227.0,71.0,g13121
447,526.0,673.0,g13123
448,327.0,580.0,g13125
449,688.0,375.0,g13127
450,467.0,403.0,g13129
451,636.0,665.0,g13131
452,232.0,257.0,g13133
453,284.0,84.0,g13135
454,500.0,719.0,g13137
455,697.0,409.0,g13139
456,20.0,112.0,g13141
457,393.0,560.0,g13143
458,15.0,16.0,g13145
459,554.0,435.0,g13147
460,302.0,326.0,g13149
461,44.0,78.0,g13151
462,121.0,182.0,g13153
463,698.0,468.0,g13155
464,95.0,116.0,g13157
465,266.0,339.0,g13159
466,487.0,265.0,g13161
467,272.0,150.0,g13163
468,510.0,168.0,g13165
469,379.0,271.0,g13167
470,59.0,180.0,g13169
471,273.0,514.0,g13171
472,653.0,646.0,g13173
473,666.0,421.0,g13175
474,17.0,10.0,g13177
475,250.0,189.0,g13179
476,200.0,165.0,g13181
477,684.0,532.0,g13183
478,337.0,497.0,g13185
479,204.0,232.0,g13187
480,623.0,562.0,g13189
481,570.0,267.0,g13191
482,285.0,573.0,g13193
483,247.0,382.0,g13195
484,315.0,707.0,g13197
485,520.0,472.0,g13199
486,452.0,370.0,g13201
487,555.0,703.0,g13205
488,151.0,166.0,g13207
489,451.0,179.0,g13209
490,185.0,430.0,g13211
491,344.0,236.0,g13213
492,565.0,341.0,g13215
493,72.0,316.0,g13217
494,18.0,24.0,g13219
495,117.0,114.0,g13221
496,25.0,42.0,g13223
497,371.0,384.0,g13225
498,195.0,194.0,g13227
499,683.0,677.0,g13229
500,38.0,103.0,g13231
501,667.0,567.0,g13233
502,211.0,41.0,g13235
503,685.0,584.0,g13237
504,370.0,320.0,g13239
505,158.0,181.0,g13241
506,214.0,278.0,g13243
507,494.0,288.0,g13245
508,152.0,391.0,g13247
509,191.0,110.0,g13249
510,598.0,455.0,g13251
511,360.0,87.0,g13253
512,580.0,478.0,g13255
513,733.0,308.0,g13257
514,27.0,561.0,g13259
515,196.0,137.0,g13261
516,732.0,299.0,g13263
517,61.0,14.0,g13265
518,264.0,143.0,g13267
519,383.0,366.0,g13269
520,7.0,311.0,g13271
521,210.0,77.0,g13273
522,528.0,383.0,g13275
523,736.0,558.0,g13277
524,268.0,244.0,g13279
525,147.0,65.0,g13281
526,439.0,706.0,g13283
527,509.0,503.0,g13285
528,353.0,251.0,g13287
529,402.0,400.0,g13289
530,251.0,93.0,g13291
531,476.0,176.0,g13293
532,288.0,494.0,g13295
533,101.0,231.0,g13297
534,319.0,414.0,g13299
535,280.0,122.0,g13301
536,351.0,537.0,g13303
537,592.0,262.0,g13305
538,531.0,427.0,g13307
539,29.0,27.0,g13309
540,522.0,362.0,g13311
541,460.0,732.0,g13313
542,62.0,390.0,g13315
543,205.0,97.0,g13317
544,573.0,453.0,g13319
545,534.0,583.0,g13321
546,,,
547,,,
548,,,
549,,,
550,,,
551,24.0,11.0,g16001
552,99.0,74.0,g16003
553,91.0,50.0,g16005
554,51.0,119.0,g16007
555,87.0,97.0,g16009
556,105.0,87.0,g16011
557,10.0,31.0,g16013
558,6.0,6.0,g16015
559,88.0,68.0,g16017
560,64.0,41.0,g16019
561,93.0,63.0,g16021
562,114.0,67.0,g16023
563,13.0,10.0,g16025
564,80.0,117.0,g16027
565,9.0,8.0,g16029
566,110.0,61.0,g16031
567,102.0,44.0,g16033
568,84.0,95.0,g16035
569,12.0,30.0,g16037
570,61.0,48.0,g16039
571,3.0,3.0,g16041
572,5.0,53.0,g16043
573,48.0,80.0,g16045
574,109.0,91.0,g16047
575,72.0,55.0,g16049
576,11.0,4.0,g16051
577,82.0,88.0,g16053
578,95.0,52.0,g16055
579,69.0,12.0,g16057
580,111.0,86.0,g16059
581,53.0,28.0,g16061
582,92.0,75.0,g16063
583,54.0,23.0,g16065
584,104.0,99.0,g16067
585,83.0,103.0,g16069
586,19.0,19.0,g16071
587,62.0,107.0,g16073
588,57.0,92.0,g16075
589,74.0,38.0,g16077
590,56.0,58.0,g16079
591,2.0,1.0,g16081
592,101.0,108.0,g16083
593,8.0,112.0,g16085
594,25.0,51.0,g16087
595,354.0,359.0,g17001
596,11.0,39.0,g17003
597,455.0,439.0,g17005
598,523.0,64.0,g17007
599,3.0,4.0,g17009
600,228.0,431.0,g17011
601,327.0,481.0,g17013
602,179.0,199.0,g17015
603,80.0,329.0,g17017
604,348.0,138.0,g17019
605,504.0,459.0,g17021
606,482.0,426.0,g17023
607,381.0,469.0,g17025
608,76.0,110.0,g17027
609,374.0,336.0,g17029
610,4.0,260.0,g17031
611,299.0,243.0,g17033
612,427.0,307.0,g17035
613,195.0,141.0,g17037
614,267.0,277.0,g17039
615,214.0,400.0,g17041
616,253.0,25.0,g17043
617,155.0,280.0,g17045
618,440.0,311.0,g17047
619,217.0,204.0,g17049
620,364.0,365.0,g17051
621,316.0,386.0,g17053
622,140.0,184.0,g17055
623,475.0,489.0,g17057
624,64.0,194.0,g17059
625,361.0,446.0,g17061
626,92.0,59.0,g17063
627,315.0,403.0,g17065
628,321.0,343.0,g17067
629,293.0,207.0,g17069
630,338.0,521.0,g17071
631,448.0,337.0,g17073
632,210.0,279.0,g17075
633,406.0,507.0,g17077
634,402.0,226.0,g17079
635,437.0,465.0,g17081
636,233.0,265.0,g17083
637,329.0,371.0,g17085
638,17.0,72.0,g17087
639,156.0,132.0,g17089
640,262.0,452.0,g17091
641,32.0,7.0,g17093
642,152.0,179.0,g17095
643,292.0,30.0,g17097
644,441.0,494.0,g17099
645,18.0,89.0,g17101
646,312.0,391.0,g17103
647,392.0,295.0,g17105
648,520.0,270.0,g17107
649,313.0,429.0,g17109
650,51.0,19.0,g17111
651,115.0,83.0,g17113
652,190.0,328.0,g17115
653,499.0,516.0,g17117
654,352.0,285.0,g17119
655,203.0,231.0,g17121
656,507.0,414.0,g17123
657,247.0,373.0,g17125
658,165.0,145.0,g17127
659,308.0,367.0,g17129
660,506.0,291.0,g17131
661,44.0,43.0,g17133
662,355.0,317.0,g17135
663,408.0,304.0,g17137
664,347.0,464.0,g17139
665,379.0,238.0,g17141
666,324.0,447.0,g17143
667,147.0,227.0,g17145
668,131.0,102.0,g17147
669,251.0,211.0,g17149
670,128.0,58.0,g17151
671,50.0,71.0,g17153
672,181.0,137.0,g17155
673,124.0,157.0,g17157
674,359.0,482.0,g17159
675,95.0,286.0,g17161
676,302.0,466.0,g17163
677,121.0,201.0,g17165
678,474.0,361.0,g17167
679,314.0,235.0,g17169
680,511.0,430.0,g17171
681,444.0,397.0,g17173
682,496.0,520.0,g17175
683,96.0,173.0,g17177
684,226.0,203.0,g17179
685,219.0,236.0,g17181
686,119.0,230.0,g17183
687,434.0,523.0,g17185
688,69.0,98.0,g17187
689,295.0,178.0,g17189
690,289.0,375.0,g17191
691,54.0,111.0,g17193
692,171.0,370.0,g17195
693,158.0,33.0,g17197
694,356.0,331.0,g17199
695,107.0,399.0,g17201
696,90.0,86.0,g17203
697,178.0,474.0,g18001
698,405.0,290.0,g18003
699,283.0,133.0,g18005
700,483.0,509.0,g18007
701,318.0,325.0,g18009
702,27.0,11.0,g18011
703,261.0,463.0,g18013
704,326.0,225.0,g18015
705,108.0,374.0,g18017
706,494.0,382.0,g18019
707,362.0,468.0,g18021
708,87.0,357.0,g18023
709,462.0,348.0,g18025
710,180.0,396.0,g18027
711,83.0,82.0,g18029
712,370.0,244.0,g18031
713,208.0,115.0,g18033
714,248.0,196.0,g18035
715,271.0,107.0,g18037
716,138.0,345.0,g18039
717,120.0,119.0,g18041
718,522.0,303.0,g18043
719,471.0,306.0,g18045
720,100.0,69.0,g18047
721,454.0,155.0,g18049
722,201.0,144.0,g18051
723,137.0,152.0,g18053
724,430.0,341.0,g18055
725,8.0,5.0,g18057
726,66.0,51.0,g18059
727,113.0,81.0,g18061
728,30.0,17.0,g18063
729,395.0,475.0,g18065
730,264.0,335.0,g18067
731,373.0,352.0,g18069
732,431.0,237.0,g18071
733,172.0,91.0,g18073
734,339.0,506.0,g18075
735,371.0,473.0,g18077
736,111.0,118.0,g18079
737,91.0,60.0,g18081
738,435.0,504.0,g18083
739,272.0,104.0,g18085
740,12.0,424.0,g18087
741,56.0,339.0,g18089
742,343.0,261.0,g18091
743,514.0,495.0,g18093
744,346.0,381.0,g18095
745,53.0,363.0,g18097
746,377.0,297.0,g18099
747,246.0,153.0,g18101
748,135.0,193.0,g18103
749,174.0,167.0,g18105
750,517.0,376.0,g18107
751,116.0,95.0,g18109
752,336.0,263.0,g18111
753,317.0,262.0,g18113
754,279.0,398.0,g18115
755,473.0,450.0,g18117
756,218.0,191.0,g18119
757,357.0,315.0,g18121
758,106.0,127.0,g18123
759,380.0,122.0,g18125
760,127.0,66.0,g18127
761,144.0,75.0,g18129
762,476.0,294.0,g18131
763,45.0,54.0,g18133
764,301.0,503.0,g18135
765,429.0,362.0,g18137
766,489.0,296.0,g18139
767,254.0,522.0,g18141
768,516.0,272.0,g18143
769,468.0,327.0,g18145
770,141.0,88.0,g18147
771,358.0,487.0,g18149
772,175.0,128.0,g18151
773,79.0,120.0,g18153
774,393.0,524.0,g18155
775,173.0,108.0,g18157
776,382.0,409.0,g18159
777,198.0,195.0,g18161
778,237.0,379.0,g18163
779,386.0,349.0,g18165
780,497.0,472.0,g18167
781,168.0,219.0,g18169
782,154.0,96.0,g18171
783,65.0,55.0,g18173
784,320.0,206.0,g18175
785,63.0,106.0,g18177
786,446.0,346.0,g18179
787,411.0,441.0,g18181
788,98.0,68.0,g18183
789,246.0,363.0,g19001
790,363.0,167.0,g19003
791,250.0,281.0,g19005
792,178.0,181.0,g19007
793,192.0,89.0,g19009
794,137.0,123.0,g19011
795,286.0,405.0,g19013
796,187.0,164.0,g19015
797,92.0,156.0,g19017
798,135.0,140.0,g19019
799,101.0,232.0,g19021
800,389.0,325.0,g19023
801,284.0,86.0,g19025
802,235.0,189.0,g19027
803,214.0,179.0,g19029
804,161.0,225.0,g19031
805,315.0,273.0,g19033
806,392.0,304.0,g19035
807,234.0,183.0,g19037
808,333.0,186.0,g19039
809,373.0,364.0,g19041
810,314.0,327.0,g19043
811,341.0,381.0,g19045
812,68.0,196.0,g19047
813,15.0,2.0,g19049
814,306.0,388.0,g19051
815,290.0,272.0,g19053
816,141.0,175.0,g19055
817,162.0,211.0,g19057
818,34.0,359.0,g19059
819,310.0,319.0,g19061
820,367.0,355.0,g19063
821,378.0,334.0,g19065
822,203.0,242.0,g19067
823,190.0,255.0,g19069
824,384.0,347.0,g19071
825,337.0,329.0,g19073
826,122.0,169.0,g19075
827,260.0,371.0,g19077
828,401.0,386.0,g19079
829,330.0,350.0,g19081
830,255.0,336.0,g19083
831,270.0,387.0,g19085
832,324.0,410.0,g19087
833,338.0,297.0,g19089
834,352.0,362.0,g19091
835,273.0,294.0,g19093
836,134.0,193.0,g19095
837,285.0,335.0,g19097
838,297.0,289.0,g19099
839,67.0,69.0,g19101
840,32.0,23.0,g19103
841,123.0,241.0,g19105
842,393.0,248.0,g19107
843,278.0,330.0,g19109
844,224.0,309.0,g19111
845,145.0,84.0,g19113
846,261.0,408.0,g19115
847,268.0,287.0,g19117
848,202.0,247.0,g19119
849,43.0,56.0,g19121
850,308.0,239.0,g19123
851,90.0,161.0,g19125
852,128.0,210.0,g19127
853,57.0,85.0,g19129
854,361.0,348.0,g19131
855,143.0,61.0,g19133
856,258.0,195.0,g19135
857,97.0,105.0,g19137
858,269.0,357.0,g19139
859,406.0,321.0,g19141
860,353.0,360.0,g19143
861,391.0,280.0,g19145
862,321.0,224.0,g19147
863,105.0,168.0,g19149
864,327.0,173.0,g19151
865,194.0,104.0,g19153
866,302.0,393.0,g19155
867,364.0,266.0,g19157
868,199.0,78.0,g19159
869,397.0,231.0,g19161
870,276.0,146.0,g19163
871,355.0,313.0,g19165
872,108.0,112.0,g19167
873,14.0,8.0,g19169
874,79.0,141.0,g19171
875,230.0,120.0,g19173
876,207.0,279.0,g19175
877,388.0,316.0,g19177
878,73.0,204.0,g19179
879,100.0,98.0,g19181
880,362.0,402.0,g19183
881,188.0,129.0,g19185
882,238.0,331.0,g19187
883,309.0,397.0,g19189
884,82.0,251.0,g19191
885,96.0,339.0,g19193
886,316.0,308.0,g19195
887,236.0,165.0,g19197
888,125.0,200.0,g20001
889,259.0,314.0,g20003
890,136.0,284.0,g20005
891,292.0,352.0,g20007
892,215.0,290.0,g20009
893,220.0,171.0,g20011
894,13.0,17.0,g20013
895,84.0,50.0,g20015
896,336.0,90.0,g20017
897,133.0,38.0,g20019
898,201.0,249.0,g20021
899,381.0,51.0,g20023
900,166.0,33.0,g20025
901,294.0,407.0,g20027
902,59.0,24.0,g20029
903,369.0,356.0,g20031
904,251.0,74.0,g20033
905,173.0,275.0,g20035
906,298.0,376.0,g20037
907,126.0,13.0,g20039
908,320.0,370.0,g20041
909,301.0,162.0,g20043
910,70.0,46.0,g20045
911,342.0,300.0,g20047
912,248.0,67.0,g20049
913,171.0,216.0,g20051
914,52.0,267.0,g20053
915,75.0,369.0,g20055
916,19.0,253.0,g20057
917,221.0,271.0,g20059
918,218.0,149.0,g20061
919,110.0,365.0,g20063
920,204.0,246.0,g20065
921,81.0,254.0,g20067
922,344.0,261.0,g20069
923,307.0,72.0,g20071
924,169.0,59.0,g20073
925,345.0,307.0,g20075
926,138.0,133.0,g20077
927,272.0,278.0,g20079
928,370.0,172.0,g20081
929,72.0,135.0,g20083
930,404.0,373.0,g20085
931,45.0,53.0,g20087
932,200.0,154.0,g20089
933,11.0,3.0,g20091
934,409.0,121.0,g20093
935,403.0,372.0,g20095
936,358.0,390.0,g20097
937,144.0,180.0,g20099
938,185.0,337.0,g20101
939,31.0,32.0,g20103
940,266.0,192.0,g20105
941,83.0,106.0,g20107
942,299.0,306.0,g20109
943,85.0,160.0,g20111
944,262.0,342.0,g20113
945,365.0,277.0,g20115
946,380.0,257.0,g20117
947,383.0,296.0,g20119
948,71.0,52.0,g20121
949,223.0,385.0,g20123
950,64.0,125.0,g20125
951,300.0,298.0,g20127
952,331.0,256.0,g20129
953,197.0,158.0,g20131
954,132.0,159.0,g20133
955,241.0,47.0,g20135
956,149.0,238.0,g20137
957,247.0,283.0,g20139
958,267.0,115.0,g20141
959,74.0,82.0,g20143
960,44.0,147.0,g20145
961,313.0,233.0,g20147
962,46.0,39.0,g20149
963,346.0,399.0,g20151
964,347.0,111.0,g20153
965,226.0,285.0,g20155
966,252.0,101.0,g20157
967,175.0,218.0,g20159
968,23.0,22.0,g20161
969,379.0,226.0,g20163
970,402.0,151.0,g20165
971,356.0,341.0,g20167
972,323.0,406.0,g20169
973,400.0,344.0,g20171
974,359.0,219.0,g20173
975,10.0,150.0,g20175
976,130.0,235.0,g20177
977,213.0,378.0,g20179
978,163.0,182.0,g20181
979,146.0,31.0,g20183
980,283.0,126.0,g20185
981,152.0,389.0,g20187
982,375.0,295.0,g20189
983,354.0,305.0,g20191
984,349.0,303.0,g20193
985,127.0,312.0,g20195
986,49.0,114.0,g20197
987,140.0,252.0,g20199
988,264.0,322.0,g20201
989,225.0,205.0,g20203
990,109.0,99.0,g20205
991,119.0,95.0,g20207
992,7.0,54.0,g20209
993,708.0,635.0,g21001
994,519.0,664.0,g21003
995,90.0,234.0,g21005
996,225.0,260.0,g21007
997,706.0,467.0,g21009
998,442.0,501.0,g21011
999,175.0,98.0,g21013
1000,34.0,39.0,g21015
1001,614.0,365.0,g21017
1002,648.0,734.0,g21019
1003,669.0,471.0,g21021
1004,260.0,321.0,g21023
1005,128.0,144.0,g21025
1006,361.0,422.0,g21027
1007,40.0,79.0,g21029
1008,426.0,302.0,g21031
1009,699.0,266.0,g21033
1010,518.0,670.0,g21035
1011,173.0,342.0,g21037
1012,635.0,479.0,g21039
1013,291.0,564.0,g21041
1014,424.0,397.0,g21043
1015,589.0,423.0,g21045
1016,693.0,663.0,g21047
1017,282.0,452.0,g21049
1018,456.0,643.0,g21051
1019,715.0,485.0,g21053
1020,637.0,599.0,g21055
1021,278.0,147.0,g21057
1022,421.0,716.0,g21059
1023,578.0,437.0,g21061
1024,58.0,466.0,g21063
1025,543.0,352.0,g21065
1026,527.0,345.0,g21067
1027,155.0,248.0,g21069
1028,475.0,377.0,g21071
1029,385.0,638.0,g21073
1030,507.0,683.0,g21075
1031,689.0,398.0,g21077
1032,136.0,317.0,g21079
1033,102.0,173.0,g21081
1034,577.0,675.0,g21083
1035,506.0,530.0,g21085
1036,677.0,413.0,g21087
1037,423.0,622.0,g21089
1038,219.0,216.0,g21091
1039,243.0,274.0,g21093
1040,323.0,378.0,g21095
1041,665.0,571.0,g21097
1042,735.0,700.0,g21099
1043,413.0,704.0,g21101
1044,404.0,607.0,g21103
1045,98.0,64.0,g21105
1046,726.0,521.0,g21107
1047,651.0,550.0,g21109
1048,718.0,693.0,g21111
1049,233.0,388.0,g21113
1050,545.0,484.0,g21115
1051,161.0,254.0,g21117
1052,662.0,726.0,g21119
1053,216.0,190.0,g21121
1054,287.0,310.0,g21123
1055,294.0,454.0,g21125
1056,710.0,438.0,g21127
1057,274.0,258.0,g21129
1058,391.0,640.0,g21131
1059,730.0,679.0,g21133
1060,680.0,446.0,g21135
1061,453.0,676.0,g21137
1062,621.0,496.0,g21139
1063,376.0,536.0,g21141
1064,74.0,586.0,g21143
1065,713.0,486.0,g21145
1066,364.0,425.0,g21147
1067,571.0,577.0,g21149
1068,405.0,596.0,g21151
1069,332.0,535.0,g21153
1070,523.0,322.0,g21155
1071,681.0,487.0,g21157
1072,159.0,401.0,g21159
1073,620.0,329.0,g21161
1074,71.0,96.0,g21163
1075,160.0,178.0,g21165
1076,259.0,626.0,g21167
1077,310.0,325.0,g21169
1078,469.0,556.0,g21171
1079,298.0,579.0,g21173
1080,517.0,219.0,g21175
1081,655.0,590.0,g21177
1082,111.0,247.0,g21179
1083,632.0,539.0,g21181
1084,566.0,736.0,g21183
1085,11.0,5.0,g21185
1086,470.0,333.0,g21187
1087,21.0,20.0,g21189
1088,105.0,213.0,g21191
1089,574.0,619.0,g21193
1090,731.0,602.0,g21195
1091,420.0,298.0,g21197
1092,616.0,492.0,g21199
1093,429.0,617.0,g21201
1094,473.0,394.0,g21203
1095,678.0,563.0,g21205
1096,458.0,457.0,g21207
1097,64.0,107.0,g21209
1098,222.0,428.0,g21211
1099,231.0,724.0,g21213
1100,42.0,33.0,g21215
1101,695.0,305.0,g21217
1102,551.0,637.0,g21219
1103,362.0,527.0,g21221
1104,239.0,69.0,g21223
1105,398.0,461.0,g21225
1106,355.0,404.0,g21227
1107,466.0,412.0,g21229
1108,450.0,460.0,g21231
1109,445.0,395.0,g21233
1110,363.0,235.0,g21235
1111,51.0,23.0,g21237
1112,81.0,129.0,g21239
1113,397.0,456.0,g22001
1114,295.0,332.0,g22003
1115,19.0,50.0,g22005
1116,53.0,204.0,g22007
1117,267.0,182.0,g22009
1118,99.0,148.0,g22011
1119,337.0,119.0,g22013
1120,137.0,269.0,g22015
1121,401.0,272.0,g22017
1122,219.0,364.0,g22019
1123,183.0,369.0,g22021
1124,16.0,46.0,g22023
1125,122.0,314.0,g22025
1126,259.0,437.0,g22027
1127,380.0,155.0,g22029
1128,299.0,310.0,g22031
1129,211.0,330.0,g22033
1130,145.0,47.0,g22035
1131,169.0,390.0,g22037
1132,499.0,342.0,g22039
1133,361.0,180.0,g22041
1134,92.0,141.0,g22043
1135,170.0,460.0,g22045
1136,63.0,243.0,g22047
1137,433.0,464.0,g22049
1138,483.0,490.0,g22051
1139,231.0,375.0,g22053
1140,103.0,191.0,g22055
1141,134.0,263.0,g22057
1142,143.0,202.0,g22059
1143,379.0,425.0,g22061
1144,37.0,68.0,g22063
1145,446.0,237.0,g22065
1146,251.0,106.0,g22067
1147,426.0,293.0,g22069
1148,469.0,250.0,g22071
1149,375.0,432.0,g22073
1150,21.0,72.0,g22075
1151,189.0,415.0,g22077
1152,493.0,337.0,g22079
1153,235.0,406.0,g22081
1154,471.0,304.0,g22083
1155,155.0,454.0,g22085
1156,180.0,238.0,g22087
1157,39.0,98.0,g22089
1158,354.0,264.0,g22091
1159,105.0,382.0,g22093
1160,128.0,373.0,g22095
1161,436.0,279.0,g22097
1162,140.0,391.0,g22099
1163,234.0,474.0,g22101
1164,44.0,104.0,g22103
1165,187.0,361.0,g22105
1166,220.0,49.0,g22107
1167,86.0,205.0,g22109
1168,258.0,482.0,g22111
1169,157.0,274.0,g22113
1170,158.0,174.0,g22115
1171,331.0,212.0,g22117
1172,408.0,346.0,g22119
1173,76.0,223.0,g22121
1174,333.0,265.0,g22123
1175,6.0,12.0,g22125
1176,294.0,491.0,g22127
1177,66.0,60.0,g23001
1178,4.0,24.0,g23003
1179,26.0,33.0,g23005
1180,49.0,29.0,g23007
1181,57.0,58.0,g23009
1182,48.0,63.0,g23011
1183,63.0,56.0,g23013
1184,39.0,64.0,g23015
1185,36.0,48.0,g23017
1186,61.0,59.0,g23019
1187,11.0,26.0,g23021
1188,37.0,40.0,g23023
1189,22.0,57.0,g23025
1190,58.0,62.0,g23027
1191,2.0,17.0,g23029
1192,30.0,41.0,g23031
1193,142.0,149.0,g24001
1194,42.0,26.0,g24003
1195,96.0,115.0,g24005
1196,27.0,19.0,g24009
1197,278.0,203.0,g24011
1198,32.0,34.0,g24013
1199,95.0,66.0,g24015
1200,39.0,28.0,g24017
1201,181.0,127.0,g24019
1202,49.0,32.0,g24021
1203,175.0,264.0,g24023
1204,37.0,39.0,g24025
1205,13.0,3.0,g24027
1206,140.0,95.0,g24029
1207,245.0,37.0,g24031
1208,172.0,124.0,g24033
1209,54.0,35.0,g24035
1210,56.0,30.0,g24037
1211,26.0,258.0,g24039
1212,215.0,168.0,g24041
1213,203.0,153.0,g24043
1214,262.0,230.0,g24045
1215,46.0,160.0,g24047
1216,65.0,38.0,g24510
1217,24.0,38.0,g25001
1218,17.0,22.0,g25003
1219,13.0,52.0,g25005
1220,41.0,39.0,g25007
1221,19.0,55.0,g25009
1222,60.0,51.0,g25011
1223,3.0,12.0,g25013
1224,45.0,35.0,g25015
1225,54.0,5.0,g25017
1226,1.0,1.0,g25019
1227,55.0,4.0,g25021
1228,65.0,18.0,g25023
1229,18.0,6.0,g25025
1230,51.0,34.0,g25027
1231,49.0,21.0,g26001
1232,456.0,176.0,g26003
1233,242.0,130.0,g26005
1234,243.0,269.0,g26007
1235,285.0,182.0,g26009
1236,328.0,198.0,g26011
1237,277.0,101.0,g26013
1238,104.0,76.0,g26015
1239,297.0,302.0,g26017
1240,281.0,175.0,g26019
1241,146.0,266.0,g26021
1242,442.0,309.0,g26023
1243,199.0,284.0,g26025
1244,397.0,268.0,g26027
1245,422.0,505.0,g26029
1246,188.0,125.0,g26031
1247,372.0,444.0,g26033
1248,72.0,70.0,g26035
1249,102.0,105.0,g26037
1250,263.0,121.0,g26039
1251,268.0,212.0,g26041
1252,513.0,454.0,g26043
1253,294.0,233.0,g26045
1254,342.0,483.0,g26047
1255,202.0,282.0,g26049
1256,216.0,183.0,g26051
1257,164.0,63.0,g26053
1258,211.0,281.0,g26055
1259,333.0,514.0,g26057
1260,524.0,404.0,g26059
1261,194.0,476.0,g26061
1262,143.0,222.0,g26063
1263,416.0,438.0,g26065
1264,85.0,79.0,g26067
1265,40.0,16.0,g26069
1266,33.0,15.0,g26071
1267,501.0,289.0,g26073
1268,384.0,434.0,g26075
1269,423.0,308.0,g26077
1270,519.0,427.0,g26079
1271,417.0,234.0,g26081
1272,225.0,94.0,g26083
1273,34.0,27.0,g26085
1274,99.0,77.0,g26087
1275,400.0,413.0,g26089
1276,493.0,500.0,g26091
1277,21.0,14.0,g26093
1278,162.0,310.0,g26095
1279,22.0,20.0,g26097
1280,389.0,321.0,g26099
1281,378.0,218.0,g26101
1282,307.0,496.0,g26103
1283,159.0,192.0,g26105
1284,349.0,508.0,g26107
1285,229.0,299.0,g26109
1286,97.0,99.0,g26111
1287,451.0,457.0,g26113
1288,185.0,186.0,g26115
1289,257.0,189.0,g26117
1290,42.0,18.0,g26119
1291,259.0,372.0,g26121
1292,512.0,319.0,g26123
1293,169.0,48.0,g26125
1294,60.0,209.0,g26127
1295,47.0,34.0,g26129
1296,129.0,47.0,g26131
1297,280.0,437.0,g26133
1298,43.0,37.0,g26135
1299,495.0,460.0,g26137
1300,176.0,67.0,g26139
1301,75.0,93.0,g26141
1302,29.0,13.0,g26143
1303,130.0,172.0,g26145
1304,383.0,377.0,g26147
1305,344.0,334.0,g26149
1306,330.0,477.0,g26151
1307,37.0,38.0,g26153
1308,403.0,389.0,g26155
1309,459.0,458.0,g26157
1310,204.0,453.0,g26159
1311,71.0,45.0,g26161
1312,13.0,135.0,g26163
1313,477.0,485.0,g26165
1314,86.0,49.0,g27001
1315,52.0,29.0,g27003
1316,290.0,488.0,g27005
1317,122.0,241.0,g27007
1318,235.0,242.0,g27009
1319,36.0,53.0,g27011
1320,133.0,165.0,g27013
1321,385.0,513.0,g27015
1322,223.0,347.0,g27017
1323,9.0,6.0,g27019
1324,193.0,188.0,g27021
1325,192.0,383.0,g27023
1326,26.0,36.0,g27025
1327,282.0,287.0,g27027
1328,196.0,228.0,g27029
1329,269.0,131.0,g27031
1330,62.0,160.0,g27033
1331,500.0,442.0,g27035
1332,57.0,31.0,g27037
1333,125.0,73.0,g27039
1334,331.0,408.0,g27041
1335,151.0,305.0,g27043
1336,207.0,333.0,g27045
1337,88.0,185.0,g27047
1338,340.0,267.0,g27049
1339,153.0,168.0,g27051
1340,478.0,78.0,g27053
1341,488.0,451.0,g27055
1342,515.0,445.0,g27057
1343,68.0,61.0,g27059
1344,412.0,380.0,g27061
1345,458.0,323.0,g27063
1346,275.0,293.0,g27065
1347,258.0,519.0,g27067
1348,142.0,392.0,g27069
1349,266.0,256.0,g27071
1350,239.0,421.0,g27073
1351,250.0,117.0,g27075
1352,298.0,213.0,g27077
1353,213.0,149.0,g27079
1354,183.0,190.0,g27081
1355,360.0,360.0,g27083
1356,234.0,158.0,g27085
1357,2.0,2.0,g27087
1358,445.0,214.0,g27089
1359,206.0,484.0,g27091
1360,245.0,161.0,g27093
1361,452.0,486.0,g27095
1362,465.0,368.0,g27097
1363,117.0,275.0,g27099
1364,170.0,340.0,g27101
1365,84.0,97.0,g27103
1366,10.0,162.0,g27105
1367,109.0,146.0,g27107
1368,186.0,90.0,g27109
1369,309.0,354.0,g27111
1370,464.0,278.0,g27113
1371,232.0,412.0,g27115
1372,77.0,116.0,g27117
1373,284.0,417.0,g27119
1374,510.0,499.0,g27121
1375,61.0,461.0,g27123
1376,492.0,253.0,g27125
1377,209.0,388.0,g27127
1378,230.0,448.0,g27129
1379,212.0,151.0,g27131
1380,220.0,292.0,g27133
1381,167.0,74.0,g27135
1382,394.0,369.0,g27137
1383,19.0,8.0,g27139
1384,16.0,12.0,g27141
1385,396.0,355.0,g27143
1386,112.0,136.0,g27145
1387,447.0,223.0,g27147
1388,420.0,258.0,g27149
1389,433.0,416.0,g27151
1390,399.0,449.0,g27153
1391,70.0,129.0,g27155
1392,286.0,251.0,g27157
1393,82.0,154.0,g27159
1394,461.0,248.0,g27161
1395,24.0,9.0,g27163
1396,28.0,246.0,g27165
1397,419.0,356.0,g27167
1398,303.0,324.0,g27169
1399,25.0,24.0,g27171
1400,296.0,330.0,g27173
1401,256.0,191.0,g28001
1402,443.0,708.0,g28003
1403,716.0,374.0,g28005
1404,478.0,205.0,g28007
1405,253.0,379.0,g28009
1406,407.0,62.0,g28011
1407,412.0,229.0,g28013
1408,626.0,730.0,g28015
1409,703.0,292.0,g28017
1410,411.0,296.0,g28019
1411,388.0,113.0,g28021
1412,245.0,656.0,g28023
1413,390.0,418.0,g28025
1414,109.0,7.0,g28027
1415,297.0,616.0,g28029
1416,505.0,702.0,g28031
1417,41.0,100.0,g28033
1418,591.0,678.0,g28035
1419,544.0,585.0,g28037
1420,63.0,34.0,g28039
1421,727.0,28.0,g28041
1422,511.0,358.0,g28043
1423,430.0,351.0,g28045
1424,654.0,642.0,g28047
1425,483.0,373.0,g28049
1426,400.0,54.0,g28051
1427,119.0,11.0,g28053
1428,224.0,151.0,g28055
1429,153.0,211.0,g28057
1430,202.0,289.0,g28059
1431,311.0,721.0,g28061
1432,83.0,52.0,g28063
1433,536.0,551.0,g28065
1434,335.0,522.0,g28067
1435,96.0,88.0,g28069
1436,183.0,170.0,g28071
1437,45.0,67.0,g28073
1438,568.0,448.0,g28075
1439,146.0,277.0,g28077
1440,325.0,568.0,g28079
1441,230.0,630.0,g28081
1442,79.0,19.0,g28083
1443,313.0,545.0,g28085
1444,639.0,507.0,g28087
1445,33.0,45.0,g28089
1446,597.0,576.0,g28091
1447,397.0,623.0,g28093
1448,314.0,591.0,g28095
1449,679.0,204.0,g28097
1450,9.0,99.0,g28099
1451,561.0,627.0,g28101
1452,338.0,119.0,g28103
1453,425.0,272.0,g28105
1454,342.0,601.0,g28107
1455,267.0,328.0,g28109
1456,174.0,203.0,g28111
1457,696.0,406.0,g28113
1458,139.0,367.0,g28115
1459,347.0,691.0,g28117
1460,149.0,49.0,g28119
1461,48.0,92.0,g28121
1462,610.0,684.0,g28123
1463,77.0,2.0,g28125
1464,670.0,661.0,g28127
1465,135.0,408.0,g28129
1466,167.0,175.0,g28131
1467,465.0,335.0,g28133
1468,76.0,153.0,g28135
1469,269.0,376.0,g28137
1470,257.0,508.0,g28139
1471,602.0,480.0,g28141
1472,47.0,38.0,g28143
1473,246.0,443.0,g28145
1474,320.0,624.0,g28147
1475,646.0,502.0,g28149
1476,290.0,35.0,g28151
1477,286.0,354.0,g28153
1478,447.0,633.0,g28155
1479,65.0,304.0,g28157
1480,661.0,256.0,g28159
1481,692.0,363.0,g28161
1482,213.0,463.0,g28163
1483,170.0,333.0,g29001
1484,131.0,197.0,g29003
1485,233.0,358.0,g29005
1486,60.0,117.0,g29007
1487,366.0,396.0,g29009
1488,374.0,404.0,g29011
1489,368.0,377.0,g29013
1490,387.0,64.0,g29015
1491,304.0,234.0,g29017
1492,129.0,60.0,g29019
1493,176.0,301.0,g29021
1494,30.0,73.0,g29023
1495,340.0,338.0,g29025
1496,115.0,71.0,g29027
1497,168.0,100.0,g29029
1498,275.0,394.0,g29031
1499,396.0,400.0,g29033
1500,36.0,27.0,g29035
1501,99.0,79.0,g29037
1502,280.0,109.0,g29039
1503,118.0,81.0,g29041
1504,89.0,75.0,g29043
1505,382.0,320.0,g29045
1506,124.0,66.0,g29047
1507,271.0,302.0,g29049
1508,289.0,143.0,g29051
1509,288.0,293.0,g29053
1510,186.0,270.0,g29055
1511,211.0,240.0,g29057
1512,334.0,263.0,g29059
1513,242.0,403.0,g29061
1514,9.0,7.0,g29063
1515,155.0,212.0,g29065
1516,386.0,328.0,g29067
1517,4.0,11.0,g29069
1518,193.0,134.0,g29071
1519,293.0,228.0,g29073
1520,76.0,57.0,g29075
1521,328.0,411.0,g29077
1522,91.0,63.0,g29079
1523,357.0,188.0,g29081
1524,257.0,144.0,g29083
1525,279.0,6.0,g29085
1526,296.0,107.0,g29087
1527,249.0,324.0,g29089
1528,142.0,245.0,g29091
1529,61.0,36.0,g29093
1530,80.0,343.0,g29095
1531,77.0,288.0,g29097
1532,111.0,45.0,g29099
1533,117.0,137.0,g29101
1534,231.0,178.0,g29103
1535,254.0,326.0,g29105
1536,339.0,264.0,g29107
1537,172.0,258.0,g29109
1538,281.0,230.0,g29111
1539,116.0,42.0,g29113
1540,156.0,131.0,g29115
1541,33.0,41.0,g29117
1542,113.0,368.0,g29119
1543,139.0,62.0,g29121
1544,103.0,142.0,g29123
1545,318.0,379.0,g29125
1546,63.0,119.0,g29127
1547,196.0,118.0,g29129
1548,335.0,260.0,g29131
1549,16.0,136.0,g29133
1550,191.0,187.0,g29135
1551,287.0,214.0,g29137
1552,195.0,174.0,g29139
1553,311.0,77.0,g29141
1554,8.0,21.0,g29143
1555,343.0,282.0,g29145
1556,405.0,353.0,g29147
1557,222.0,163.0,g29149
1558,56.0,28.0,g29151
1559,177.0,110.0,g29153
1560,2.0,4.0,g29155
1561,228.0,190.0,g29157
1562,210.0,351.0,g29159
1563,253.0,203.0,g29161
1564,385.0,366.0,g29163
1565,26.0,10.0,g29165
1566,399.0,383.0,g29167
1567,27.0,16.0,g29169
1568,410.0,299.0,g29171
1569,106.0,177.0,g29173
1570,407.0,223.0,g29175
1571,229.0,202.0,g29177
1572,102.0,44.0,g29179
1573,50.0,49.0,g29181
1574,18.0,5.0,g29183
1575,167.0,102.0,g29185
1576,95.0,83.0,g29186
1577,303.0,311.0,g29187
1578,398.0,208.0,g29189
1579,62.0,152.0,g29195
1580,65.0,113.0,g29197
1581,165.0,222.0,g29199
1582,40.0,157.0,g29201
1583,232.0,315.0,g29203
1584,205.0,124.0,g29205
1585,150.0,276.0,g29207
1586,394.0,29.0,g29209
1587,48.0,139.0,g29211
1588,237.0,43.0,g29213
1589,326.0,291.0,g29215
1590,37.0,35.0,g29217
1591,157.0,184.0,g29219
1592,181.0,398.0,g29221
1593,164.0,97.0,g29223
1594,282.0,116.0,g29225
1595,98.0,19.0,g29227
1596,107.0,201.0,g29229
1597,3.0,14.0,g29510
1598,251.0,205.0,g30001
1599,147.0,25.0,g30003
1600,171.0,54.0,g30005
1601,261.0,125.0,g30007
1602,203.0,238.0,g30009
1603,177.0,242.0,g30011
1604,202.0,267.0,g30013
1605,243.0,118.0,g30015
1606,229.0,197.0,g30017
1607,258.0,160.0,g30019
1608,182.0,252.0,g30021
1609,55.0,72.0,g30023
1610,129.0,212.0,g30025
1611,276.0,221.0,g30027
1612,271.0,185.0,g30029
1613,32.0,40.0,g30031
1614,200.0,218.0,g30033
1615,98.0,11.0,g30035
1616,85.0,265.0,g30037
1617,42.0,137.0,g30039
1618,235.0,287.0,g30041
1619,136.0,61.0,g30043
1620,121.0,248.0,g30045
1621,62.0,94.0,g30047
1622,268.0,144.0,g30049
1623,7.0,39.0,g30051
1624,56.0,245.0,g30053
1625,74.0,114.0,g30055
1626,231.0,169.0,g30057
1627,87.0,82.0,g30059
1628,6.0,73.0,g30061
1629,183.0,138.0,g30063
1630,181.0,167.0,g30065
1631,187.0,215.0,g30067
1632,274.0,100.0,g30069
1633,199.0,274.0,g30071
1634,139.0,83.0,g30073
1635,115.0,192.0,g30075
1636,78.0,191.0,g30077
1637,20.0,68.0,g30079
1638,106.0,262.0,g30081
1639,28.0,62.0,g30083
1640,226.0,51.0,g30085
1641,232.0,216.0,g30087
1642,33.0,151.0,g30089
1643,169.0,277.0,g30091
1644,239.0,226.0,g30093
1645,122.0,74.0,g30095
1646,112.0,147.0,g30097
1647,193.0,272.0,g30099
1648,90.0,156.0,g30101
1649,257.0,111.0,g30103
1650,130.0,113.0,g30105
1651,23.0,124.0,g30107
1652,146.0,220.0,g30109
1653,247.0,193.0,g30111
1654,322.0,346.0,g31001
1655,325.0,409.0,g31003
1656,25.0,37.0,g31005
1657,244.0,395.0,g31007
1658,180.0,361.0,g31009
1659,217.0,401.0,g31011
1660,189.0,292.0,g31013
1661,120.0,236.0,g31015
1662,305.0,94.0,g31017
1663,206.0,191.0,g31019
1664,360.0,217.0,g31021
1665,112.0,170.0,g31023
1666,20.0,26.0,g31025
1667,148.0,367.0,g31027
1668,159.0,194.0,g31029
1669,245.0,155.0,g31031
1670,179.0,250.0,g31033
1671,371.0,323.0,g31035
1672,22.0,227.0,g31037
1673,395.0,345.0,g31039
1674,219.0,384.0,g31041
1675,12.0,138.0,g31043
1676,277.0,259.0,g31045
1677,58.0,220.0,g31047
1678,265.0,318.0,g31049
1679,160.0,207.0,g31051
1680,158.0,185.0,g31053
1681,348.0,209.0,g31055
1682,209.0,412.0,g31057
1683,408.0,237.0,g31059
1684,332.0,176.0,g31061
1685,41.0,128.0,g31063
1686,183.0,96.0,g31065
1687,329.0,148.0,g31067
1688,295.0,15.0,g31069
1689,351.0,58.0,g31071
1690,88.0,310.0,g31073
1691,51.0,93.0,g31075
1692,411.0,243.0,g31077
1693,66.0,166.0,g31079
1694,87.0,103.0,g31081
1695,55.0,262.0,g31083
1696,17.0,48.0,g31085
1697,174.0,349.0,g31087
1698,216.0,286.0,g31089
1699,53.0,380.0,g31091
1700,54.0,87.0,g31093
1701,184.0,76.0,g31095
1702,35.0,122.0,g31097
1703,78.0,145.0,g31099
1704,151.0,375.0,g31101
1705,182.0,130.0,g31103
1706,390.0,269.0,g31105
1707,86.0,40.0,g31107
1708,121.0,88.0,g31109
1709,291.0,274.0,g31111
1710,104.0,382.0,g31113
1711,6.0,9.0,g31115
1712,29.0,92.0,g31117
1713,147.0,265.0,g31119
1714,372.0,340.0,g31121
1715,208.0,213.0,g31123
1716,198.0,206.0,g31125
1717,240.0,374.0,g31127
1718,256.0,65.0,g31129
1719,412.0,268.0,g31131
1720,376.0,127.0,g31133
1721,93.0,199.0,g31135
1722,274.0,354.0,g31137
1723,114.0,198.0,g31139
1724,377.0,221.0,g31141
1725,239.0,391.0,g31143
1726,227.0,332.0,g31145
1727,153.0,91.0,g31147
1728,243.0,317.0,g31149
1729,212.0,229.0,g31151
1730,38.0,12.0,g31153
1731,28.0,68.0,g31155
1732,39.0,80.0,g31157
1733,21.0,18.0,g31159
1734,69.0,30.0,g31161
1735,312.0,244.0,g31163
1736,42.0,215.0,g31165
1737,94.0,132.0,g31167
1738,319.0,70.0,g31169
1739,47.0,55.0,g31171
1740,1.0,1.0,g31173
1741,350.0,108.0,g31175
1742,24.0,25.0,g31177
1743,263.0,153.0,g31179
1744,154.0,20.0,g31181
1745,5.0,34.0,g31183
1746,317.0,392.0,g31185
1747,20.0,82.0,g32001
1748,33.0,52.0,g32003
1749,31.0,75.0,g32005
1750,4.0,19.0,g32007
1751,87.0,42.0,g32009
1752,2.0,13.0,g32011
1753,10.0,21.0,g32013
1754,3.0,5.0,g32015
1755,58.0,84.0,g32017
1756,23.0,65.0,g32019
1757,18.0,25.0,g32021
1758,74.0,46.0,g32023
1759,50.0,15.0,g32027
1760,12.0,10.0,g32029
1761,37.0,74.0,g32031
1762,36.0,67.0,g32033
1763,73.0,88.0,g32510
1764,59.0,47.0,g33001
1765,64.0,45.0,g33003
1766,33.0,28.0,g33005
1767,23.0,27.0,g33007
1768,38.0,30.0,g33009
1769,25.0,9.0,g33011
1770,43.0,14.0,g33013
1771,9.0,2.0,g33015
1772,14.0,21.0,g33017
1773,50.0,44.0,g33019
1774,36.0,19.0,g34001
1775,10.0,15.0,g34003
1776,29.0,11.0,g34005
1777,52.0,73.0,g34007
1778,16.0,36.0,g34009
1779,60.0,26.0,g34011
1780,67.0,29.0,g34013
1781,26.0,17.0,g34015
1782,45.0,12.0,g34017
1783,8.0,4.0,g34019
1784,38.0,28.0,g34021
1785,6.0,16.0,g34023
1786,18.0,10.0,g34025
1787,7.0,6.0,g34027
1788,83.0,67.0,g34029
1789,23.0,27.0,g34031
1790,62.0,70.0,g34033
1791,5.0,5.0,g34035
1792,17.0,9.0,g34037
1793,22.0,82.0,g34039
1794,24.0,21.0,g34041
1795,371.0,288.0,g35001
1796,413.0,257.0,g35003
1797,163.0,86.0,g35005
1798,10.0,22.0,g35006
1799,125.0,60.0,g35007
1800,419.0,365.0,g35009
1801,161.0,57.0,g35011
1802,229.0,85.0,g35013
1803,239.0,470.0,g35015
1804,242.0,67.0,g35017
1805,175.0,78.0,g35019
1806,396.0,348.0,g35021
1807,97.0,29.0,g35023
1808,201.0,500.0,g35025
1809,212.0,61.0,g35027
1810,7.0,25.0,g35028
1811,55.0,26.0,g35029
1812,4.0,8.0,g35031
1813,420.0,115.0,g35033
1814,283.0,184.0,g35035
1815,133.0,63.0,g35037
1816,160.0,45.0,g35039
1817,326.0,273.0,g35041
1818,282.0,493.0,g35043
1819,492.0,352.0,g35045
1820,152.0,39.0,g35047
1821,271.0,276.0,g35049
1822,27.0,18.0,g35051
1823,238.0,74.0,g35053
1824,162.0,53.0,g35055
1825,336.0,368.0,g35057
1826,150.0,384.0,g35059
1827,373.0,322.0,g35061
1828,78.0,64.0,g36001
1829,58.0,62.0,g36003
1830,4.0,1.0,g36005
1831,61.0,57.0,g36007
1832,15.0,49.0,g36009
1833,53.0,69.0,g36011
1834,41.0,32.0,g36013
1835,31.0,43.0,g36015
1836,82.0,83.0,g36017
1837,42.0,42.0,g36019
1838,70.0,63.0,g36021
1839,80.0,80.0,g36023
1840,28.0,34.0,g36025
1841,37.0,23.0,g36027
1842,48.0,52.0,g36029
1843,20.0,65.0,g36031
1844,1.0,72.0,g36033
1845,19.0,38.0,g36035
1846,55.0,68.0,g36037
1847,21.0,76.0,g36039
1848,2.0,33.0,g36041
1849,51.0,47.0,g36043
1850,47.0,60.0,g36045
1851,14.0,2.0,g36047
1852,49.0,59.0,g36049
1853,72.0,37.0,g36051
1854,79.0,39.0,g36053
1855,81.0,75.0,g36055
1856,73.0,24.0,g36057
1857,11.0,13.0,g36059
1858,3.0,3.0,g36061
1859,40.0,58.0,g36063
1860,46.0,40.0,g36065
1861,65.0,79.0,g36067
1862,74.0,46.0,g36069
1863,25.0,31.0,g36071
1864,59.0,78.0,g36073
1865,68.0,54.0,g36075
1866,32.0,55.0,g36077
1867,12.0,8.0,g36079
1868,57.0,7.0,g36081
1869,76.0,51.0,g36083
1870,34.0,77.0,g36085
1871,9.0,35.0,g36087
1872,30.0,71.0,g36089
1873,39.0,14.0,g36091
1874,71.0,66.0,g36093
1875,54.0,41.0,g36095
1876,56.0,61.0,g36097
1877,43.0,45.0,g36099
1878,64.0,74.0,g36101
1879,13.0,18.0,g36103
1880,27.0,56.0,g36105
1881,44.0,25.0,g36107
1882,50.0,20.0,g36109
1883,77.0,53.0,g36111
1884,35.0,81.0,g36113
1885,69.0,44.0,g36115
1886,63.0,48.0,g36117
1887,33.0,30.0,g36119
1888,66.0,22.0,g36121
1889,75.0,50.0,g36123
1890,705.0,493.0,g37001
1891,321.0,253.0,g37003
1892,124.0,221.0,g37005
1893,373.0,685.0,g37007
1894,472.0,513.0,g37009
1895,113.0,515.0,g37011
1896,386.0,343.0,g37013
1897,276.0,273.0,g37015
1898,172.0,207.0,g37017
1899,382.0,433.0,g37019
1900,585.0,582.0,g37021
1901,336.0,529.0,g37023
1902,106.0,162.0,g37025
1903,377.0,505.0,g37027
1904,54.0,91.0,g37029
1905,499.0,587.0,g37031
1906,316.0,432.0,g37033
1907,462.0,445.0,g37035
1908,374.0,483.0,g37037
1909,194.0,198.0,g37039
1910,115.0,89.0,g37041
1911,334.0,209.0,g37043
1912,659.0,510.0,g37045
1913,182.0,252.0,g37047
1914,702.0,735.0,g37049
1915,642.0,715.0,g37051
1916,140.0,109.0,g37053
1917,628.0,392.0,g37055
1918,378.0,405.0,g37057
1919,150.0,240.0,g37059
1920,241.0,371.0,g37061
1921,645.0,605.0,g37063
1922,449.0,117.0,g37065
1923,725.0,631.0,g37067
1924,305.0,172.0,g37069
1925,438.0,615.0,g37071
1926,154.0,238.0,g37073
1927,133.0,319.0,g37075
1928,318.0,73.0,g37077
1929,131.0,733.0,g37079
1930,477.0,528.0,g37081
1931,122.0,94.0,g37083
1932,368.0,337.0,g37085
1933,513.0,385.0,g37087
1934,399.0,381.0,g37089
1935,130.0,157.0,g37091
1936,179.0,477.0,g37093
1937,169.0,625.0,g37095
1938,144.0,146.0,g37097
1939,16.0,152.0,g37099
1940,226.0,215.0,g37101
1941,350.0,456.0,g37103
1942,481.0,469.0,g37105
1943,187.0,139.0,g37107
1944,143.0,160.0,g37109
1945,576.0,692.0,g37111
1946,107.0,127.0,g37113
1947,437.0,464.0,g37115
1948,521.0,171.0,g37117
1949,281.0,156.0,g37119
1950,345.0,318.0,g37121
1951,157.0,286.0,g37123
1952,490.0,269.0,g37125
1953,557.0,681.0,g37127
1954,548.0,470.0,g37129
1955,87.0,29.0,g37131
1956,408.0,101.0,g37133
1957,112.0,70.0,g37135
1958,489.0,629.0,g37137
1959,673.0,581.0,g37139
1960,590.0,410.0,g37141
1961,691.0,458.0,g37143
1962,538.0,611.0,g37145
1963,454.0,657.0,g37147
1964,184.0,134.0,g37149
1965,403.0,417.0,g37151
1966,189.0,226.0,g37153
1967,1.0,44.0,g37155
1968,711.0,512.0,g37157
1969,605.0,688.0,g37159
1970,461.0,386.0,g37161
1971,279.0,491.0,g37163
1972,53.0,164.0,g37165
1973,656.0,725.0,g37167
1974,401.0,519.0,g37169
1975,446.0,450.0,g37171
1976,2.0,83.0,g37173
1977,165.0,82.0,g37175
1978,141.0,668.0,g37177
1979,35.0,37.0,g37179
1980,217.0,68.0,g37181
1981,70.0,36.0,g37183
1982,68.0,250.0,g37185
1983,163.0,43.0,g37187
1984,694.0,324.0,g37189
1985,492.0,566.0,g37191
1986,671.0,654.0,g37193
1987,434.0,332.0,g37195
1988,588.0,589.0,g37197
1989,229.0,214.0,g37199
1990,222.0,133.0,g38001
1991,179.0,261.0,g38003
1992,163.0,18.0,g38005
1993,124.0,65.0,g38007
1994,211.0,247.0,g38009
1995,191.0,280.0,g38011
1996,241.0,211.0,g38013
1997,150.0,153.0,g38015
1998,58.0,69.0,g38017
1999,166.0,255.0,g38019
2000,210.0,190.0,g38021
2001,29.0,222.0,g38023
2002,94.0,120.0,g38025
2003,255.0,52.0,g38027
2004,162.0,164.0,g38029
2005,104.0,269.0,g38031
2006,278.0,259.0,g38033
2007,99.0,134.0,g38035
2008,143.0,180.0,g38037
2009,286.0,150.0,g38039
2010,273.0,189.0,g38041
2011,214.0,176.0,g38043
2012,108.0,224.0,g38045
2013,212.0,131.0,g38047
2014,201.0,206.0,g38049
2015,22.0,9.0,g38051
2016,39.0,179.0,g38053
2017,259.0,231.0,g38055
2018,149.0,116.0,g38057
2019,126.0,158.0,g38059
2020,54.0,182.0,g38061
2021,279.0,128.0,g38063
2022,137.0,92.0,g38065
2023,116.0,263.0,g38067
2024,262.0,159.0,g38069
2025,237.0,201.0,g38071
2026,189.0,187.0,g38073
2027,37.0,99.0,g38075
2028,47.0,130.0,g38077
2029,50.0,10.0,g38079
2030,80.0,81.0,g38081
2031,102.0,184.0,g38083
2032,51.0,2.0,g38085
2033,68.0,57.0,g38087
2034,111.0,172.0,g38089
2035,52.0,67.0,g38091
2036,207.0,278.0,g38093
2037,192.0,246.0,g38095
2038,184.0,275.0,g38097
2039,287.0,208.0,g38099
2040,134.0,152.0,g38101
2041,151.0,80.0,g38103
2042,18.0,70.0,g38105
2043,398.0,462.0,g39001
2044,368.0,432.0,g39003
2045,438.0,480.0,g39005
2046,276.0,428.0,g39007
2047,222.0,440.0,g39009
2048,118.0,109.0,g39011
2049,390.0,435.0,g39013
2050,353.0,402.0,g39015
2051,310.0,166.0,g39017
2052,304.0,239.0,g39019
2053,256.0,221.0,g39021
2054,161.0,229.0,g39023
2055,103.0,65.0,g39025
2056,486.0,394.0,g39027
2057,518.0,502.0,g39029
2058,503.0,393.0,g39031
2059,300.0,264.0,g39033
2060,23.0,170.0,g39035
2061,425.0,344.0,g39037
2062,428.0,407.0,g39039
2063,6.0,3.0,g39041
2064,323.0,314.0,g39043
2065,105.0,100.0,g39045
2066,244.0,254.0,g39047
2067,391.0,224.0,g39049
2068,270.0,174.0,g39051
2069,466.0,501.0,g39053
2070,145.0,52.0,g39055
2071,126.0,114.0,g39057
2072,366.0,493.0,g39059
2073,101.0,433.0,g39061
2074,453.0,276.0,g39063
2075,424.0,455.0,g39065
2076,273.0,316.0,g39067
2077,325.0,298.0,g39069
2078,485.0,401.0,g39071
2079,413.0,490.0,g39073
2080,5.0,518.0,g39075
2081,387.0,418.0,g39077
2082,241.0,395.0,g39079
2083,150.0,177.0,g39081
2084,484.0,320.0,g39083
2085,443.0,247.0,g39085
2086,388.0,366.0,g39087
2087,238.0,202.0,g39089
2088,460.0,410.0,g39091
2089,365.0,498.0,g39093
2090,78.0,252.0,g39095
2091,15.0,32.0,g39097
2092,67.0,139.0,g39099
2093,265.0,283.0,g39101
2094,55.0,46.0,g39103
2095,498.0,423.0,g39105
2096,166.0,113.0,g39107
2097,319.0,245.0,g39109
2098,449.0,318.0,g39111
2099,139.0,271.0,g39113
2100,450.0,478.0,g39115
2101,227.0,134.0,g39117
2102,231.0,257.0,g39119
2103,163.0,220.0,g39121
2104,414.0,332.0,g39123
2105,332.0,148.0,g39125
2106,410.0,338.0,g39127
2107,89.0,112.0,g39129
2108,363.0,405.0,g39131
2109,187.0,205.0,g39133
2110,240.0,312.0,g39135
2111,149.0,80.0,g39137
2112,490.0,515.0,g39139
2113,160.0,240.0,g39141
2114,306.0,517.0,g39143
2115,291.0,216.0,g39145
2116,491.0,497.0,g39147
2117,197.0,169.0,g39149
2118,288.0,350.0,g39151
2119,369.0,387.0,g39153
2120,215.0,250.0,g39155
2121,508.0,471.0,g39157
2122,46.0,35.0,g39159
2123,436.0,420.0,g39161
2124,322.0,171.0,g39163
2125,20.0,10.0,g39165
2126,467.0,456.0,g39167
2127,487.0,300.0,g39169
2128,376.0,255.0,g39171
2129,123.0,124.0,g39173
2130,407.0,419.0,g39175
2131,51.0,138.0,g40001
2132,178.0,164.0,g40003
2133,452.0,467.0,g40005
2134,200.0,341.0,g40007
2135,90.0,125.0,g40009
2136,456.0,446.0,g40011
2137,286.0,350.0,g40013
2138,186.0,313.0,g40015
2139,111.0,108.0,g40017
2140,264.0,296.0,g40019
2141,127.0,217.0,g40021
2142,98.0,96.0,g40023
2143,277.0,181.0,g40025
2144,213.0,127.0,g40027
2145,148.0,203.0,g40029
2146,424.0,399.0,g40031
2147,203.0,233.0,g40033
2148,214.0,312.0,g40035
2149,284.0,271.0,g40037
2150,415.0,422.0,g40039
2151,132.0,170.0,g40041
2152,166.0,240.0,g40043
2153,232.0,316.0,g40045
2154,313.0,367.0,g40047
2155,309.0,355.0,g40049
2156,280.0,286.0,g40051
2157,393.0,462.0,g40053
2158,437.0,441.0,g40055
2159,38.0,41.0,g40057
2160,464.0,388.0,g40059
2161,392.0,377.0,g40061
2162,334.0,392.0,g40063
2163,262.0,326.0,g40065
2164,79.0,77.0,g40067
2165,314.0,331.0,g40069
2166,202.0,299.0,g40071
2167,142.0,244.0,g40073
2168,181.0,227.0,g40075
2169,335.0,443.0,g40077
2170,240.0,327.0,g40079
2171,431.0,400.0,g40081
2172,136.0,175.0,g40083
2173,398.0,309.0,g40085
2174,156.0,163.0,g40087
2175,71.0,111.0,g40089
2176,129.0,114.0,g40091
2177,247.0,320.0,g40093
2178,434.0,254.0,g40095
2179,494.0,401.0,g40097
2180,302.0,338.0,g40099
2181,174.0,245.0,g40101
2182,429.0,466.0,g40103
2183,281.0,414.0,g40105
2184,107.0,193.0,g40107
2185,421.0,499.0,g40109
2186,209.0,246.0,g40111
2187,378.0,381.0,g40113
2188,49.0,90.0,g40115
2189,485.0,476.0,g40117
2190,394.0,183.0,g40119
2191,346.0,351.0,g40121
2192,252.0,336.0,g40123
2193,257.0,333.0,g40125
2194,56.0,66.0,g40127
2195,77.0,161.0,g40129
2196,185.0,143.0,g40131
2197,123.0,158.0,g40133
2198,215.0,308.0,g40135
2199,404.0,444.0,g40137
2200,171.0,356.0,g40139
2201,199.0,232.0,g40141
2202,498.0,393.0,g40143
2203,197.0,179.0,g40145
2204,370.0,389.0,g40147
2205,355.0,387.0,g40149
2206,395.0,483.0,g40151
2207,104.0,122.0,g40153
2208,76.0,66.0,g41001
2209,66.0,20.0,g41003
2210,28.0,9.0,g41005
2211,49.0,46.0,g41007
2212,85.0,22.0,g41009
2213,26.0,32.0,g41011
2214,67.0,79.0,g41013
2215,30.0,7.0,g41015
2216,75.0,64.0,g41017
2217,23.0,49.0,g41019
2218,52.0,37.0,g41021
2219,55.0,47.0,g41023
2220,79.0,110.0,g41025
2221,78.0,104.0,g41027
2222,33.0,76.0,g41029
2223,44.0,70.0,g41031
2224,14.0,29.0,g41033
2225,41.0,82.0,g41035
2226,103.0,90.0,g41037
2227,47.0,118.0,g41039
2228,60.0,26.0,g41041
2229,68.0,109.0,g41043
2230,15.0,43.0,g41045
2231,29.0,71.0,g41047
2232,63.0,94.0,g41049
2233,58.0,78.0,g41051
2234,106.0,106.0,g41053
2235,36.0,65.0,g41055
2236,112.0,69.0,g41057
2237,39.0,113.0,g41059
2238,46.0,89.0,g41061
2239,38.0,15.0,g41063
2240,20.0,45.0,g41065
2241,16.0,14.0,g41067
2242,107.0,34.0,g41069
2243,115.0,84.0,g41071
2244,162.0,146.0,g42001
2245,131.0,241.0,g42003
2246,178.0,283.0,g42005
2247,165.0,191.0,g42007
2248,204.0,219.0,g42009
2249,164.0,259.0,g42011
2250,216.0,161.0,g42013
2251,211.0,252.0,g42015
2252,47.0,36.0,g42017
2253,59.0,71.0,g42019
2254,283.0,134.0,g42021
2255,111.0,144.0,g42023
2256,279.0,282.0,g42025
2257,68.0,52.0,g42027
2258,33.0,21.0,g42029
2259,242.0,227.0,g42031
2260,199.0,278.0,g42033
2261,275.0,194.0,g42035
2262,156.0,276.0,g42037
2263,276.0,209.0,g42039
2264,64.0,84.0,g42041
2265,200.0,247.0,g42043
2266,122.0,148.0,g42045
2267,201.0,267.0,g42047
2268,207.0,220.0,g42049
2269,182.0,109.0,g42051
2270,1.0,129.0,g42053
2271,141.0,187.0,g42055
2272,117.0,110.0,g42057
2273,265.0,226.0,g42059
2274,239.0,137.0,g42061
2275,151.0,210.0,g42063
2276,240.0,255.0,g42065
2277,228.0,184.0,g42067
2278,267.0,131.0,g42069
2279,194.0,171.0,g42071
2280,243.0,140.0,g42073
2281,263.0,245.0,g42075
2282,127.0,223.0,g42077
2283,208.0,132.0,g42079
2284,152.0,280.0,g42081
2285,187.0,196.0,g42083
2286,253.0,156.0,g42085
2287,174.0,133.0,g42087
2288,123.0,170.0,g42089
2289,51.0,43.0,g42091
2290,257.0,185.0,g42093
2291,202.0,167.0,g42095
2292,237.0,172.0,g42097
2293,75.0,73.0,g42099
2294,9.0,15.0,g42101
2295,120.0,193.0,g42103
2296,166.0,270.0,g42105
2297,246.0,246.0,g42107
2298,153.0,175.0,g42109
2299,218.0,207.0,g42111
2300,11.0,85.0,g42113
2301,229.0,183.0,g42115
2302,169.0,221.0,g42117
2303,214.0,79.0,g42119
2304,284.0,192.0,g42121
2305,272.0,279.0,g42123
2306,125.0,239.0,g42125
2307,74.0,244.0,g42127
2308,108.0,254.0,g42129
2309,179.0,169.0,g42131
2310,100.0,105.0,g42133
2311,32.0,31.0,g44001
2312,56.0,36.0,g44003
2313,34.0,43.0,g44005
2314,5.0,13.0,g44007
2315,42.0,16.0,g44009
2316,675.0,516.0,g45001
2317,387.0,482.0,g45003
2318,145.0,476.0,g45005
2319,352.0,609.0,g45007
2320,459.0,145.0,g45009
2321,704.0,540.0,g45011
2322,553.0,549.0,g45013
2323,132.0,106.0,g45015
2324,331.0,489.0,g45017
2325,346.0,415.0,g45019
2326,529.0,651.0,g45021
2327,482.0,588.0,g45023
2328,652.0,667.0,g45025
2329,339.0,276.0,g45027
2330,389.0,364.0,g45029
2331,559.0,645.0,g45031
2332,201.0,121.0,g45033
2333,82.0,131.0,g45035
2334,372.0,76.0,g45037
2335,416.0,295.0,g45039
2336,532.0,475.0,g45041
2337,539.0,163.0,g45043
2338,296.0,350.0,g45045
2339,729.0,282.0,g45047
2340,457.0,578.0,g45049
2341,261.0,291.0,g45051
2342,208.0,542.0,g45053
2343,312.0,517.0,g45055
2344,333.0,473.0,g45057
2345,625.0,509.0,g45059
2346,209.0,312.0,g45061
2347,120.0,141.0,g45063
2348,103.0,372.0,g45065
2349,643.0,118.0,g45067
2350,125.0,462.0,g45069
2351,676.0,555.0,g45071
2352,567.0,718.0,g45073
2353,599.0,330.0,g45075
2354,265.0,210.0,g45077
2355,270.0,331.0,g45079
2356,586.0,669.0,g45081
2357,463.0,592.0,g45083
2358,587.0,682.0,g45085
2359,608.0,227.0,g45087
2360,427.0,206.0,g45089
2361,104.0,186.0,g45091
2362,233.0,223.0,g46003
2363,175.0,229.0,g46005
2364,57.0,7.0,g46007
2365,113.0,254.0,g46009
2366,60.0,66.0,g46011
2367,248.0,286.0,g46013
2368,244.0,198.0,g46015
2369,219.0,6.0,g46017
2370,213.0,235.0,g46019
2371,70.0,183.0,g46021
2372,245.0,29.0,g46023
2373,242.0,143.0,g46025
2374,159.0,170.0,g46027
2375,188.0,210.0,g46029
2376,230.0,44.0,g46031
2377,138.0,236.0,g46033
2378,148.0,282.0,g46035
2379,167.0,75.0,g46037
2380,170.0,209.0,g46039
2381,168.0,27.0,g46041
2382,206.0,148.0,g46043
2383,144.0,289.0,g46045
2384,24.0,26.0,g46047
2385,190.0,196.0,g46049
2386,234.0,291.0,g46051
2387,198.0,127.0,g46053
2388,93.0,188.0,g46055
2389,75.0,219.0,g46057
2390,280.0,171.0,g46059
2391,44.0,161.0,g46061
2392,45.0,60.0,g46063
2393,131.0,195.0,g46065
2394,289.0,56.0,g46067
2395,218.0,103.0,g46069
2396,160.0,142.0,g46071
2397,141.0,63.0,g46073
2398,158.0,268.0,g46075
2399,155.0,284.0,g46077
2400,227.0,241.0,g46079
2401,266.0,244.0,g46081
2402,21.0,31.0,g46083
2403,223.0,139.0,g46085
2404,84.0,279.0,g46087
2405,197.0,59.0,g46089
2406,194.0,250.0,g46091
2407,152.0,115.0,g46093
2408,128.0,13.0,g46095
2409,205.0,258.0,g46097
2410,283.0,173.0,g46099
2411,79.0,243.0,g46101
2412,254.0,239.0,g46103
2413,240.0,237.0,g46105
2414,59.0,90.0,g46107
2415,250.0,71.0,g46109
2416,252.0,276.0,g46111
2417,4.0,1.0,g46113
2418,246.0,232.0,g46115
2419,127.0,108.0,g46117
2420,16.0,37.0,g46119
2421,27.0,3.0,g46121
2422,224.0,157.0,g46123
2423,145.0,271.0,g46125
2424,49.0,50.0,g46127
2425,225.0,79.0,g46129
2426,260.0,234.0,g46135
2427,72.0,19.0,g46137
2428,596.0,723.0,g47001
2429,329.0,416.0,g47003
2430,328.0,340.0,g47005
2431,410.0,389.0,g47007
2432,242.0,474.0,g47009
2433,309.0,511.0,g47011
2434,431.0,263.0,g47013
2435,343.0,658.0,g47015
2436,624.0,459.0,g47017
2437,540.0,420.0,g47019
2438,50.0,56.0,g47021
2439,262.0,488.0,g47023
2440,547.0,621.0,g47025
2441,396.0,387.0,g47027
2442,330.0,245.0,g47029
2443,474.0,713.0,g47031
2444,455.0,281.0,g47033
2445,497.0,169.0,g47035
2446,633.0,451.0,g47037
2447,358.0,327.0,g47039
2448,575.0,672.0,g47041
2449,148.0,313.0,g47043
2450,392.0,634.0,g47045
2451,60.0,135.0,g47047
2452,734.0,498.0,g47049
2453,317.0,525.0,g47051
2454,724.0,348.0,g47053
2455,369.0,543.0,g47055
2456,493.0,380.0,g47057
2457,618.0,603.0,g47059
2458,295.0,184.0,g47061
2459,712.0,490.0,g47063
2460,485.0,680.0,g47065
2461,197.0,149.0,g47067
2462,516.0,360.0,g47069
2463,486.0,356.0,g47071
2464,395.0,447.0,g47073
2465,687.0,212.0,g47075
2466,236.0,434.0,g47077
2467,562.0,369.0,g47079
2468,418.0,208.0,g47081
2469,530.0,399.0,g47083
2470,657.0,641.0,g47085
2471,700.0,714.0,g47087
2472,572.0,699.0,g47089
2473,275.0,524.0,g47091
2474,198.0,193.0,g47093
2475,3.0,559.0,g47095
2476,663.0,636.0,g47097
2477,307.0,606.0,g47099
2478,717.0,648.0,g47101
2479,436.0,593.0,g47103
2480,440.0,659.0,g47105
2481,406.0,554.0,g47107
2482,668.0,690.0,g47109
2483,435.0,520.0,g47111
2484,375.0,712.0,g47113
2485,356.0,557.0,g47115
2486,199.0,353.0,g47117
2487,471.0,731.0,g47119
2488,263.0,167.0,g47121
2489,672.0,649.0,g47123
2490,193.0,261.0,g47125
2491,234.0,439.0,g47127
2492,594.0,233.0,g47129
2493,649.0,355.0,g47131
2494,367.0,426.0,g47133
2495,118.0,225.0,g47135
2496,384.0,674.0,g47137
2497,615.0,610.0,g47139
2498,682.0,709.0,g47141
2499,564.0,653.0,g47143
2500,512.0,618.0,g47145
2501,94.0,183.0,g47147
2502,73.0,66.0,g47149
2503,728.0,597.0,g47151
2504,650.0,686.0,g47153
2505,491.0,429.0,g47155
2506,365.0,644.0,g47157
2507,178.0,223.0,g47159
2508,606.0,444.0,g47161
2509,613.0,604.0,g47163
2510,69.0,142.0,g47165
2511,80.0,161.0,g47167
2512,156.0,132.0,g47169
2513,415.0,441.0,g47171
2514,326.0,264.0,g47173
2515,582.0,533.0,g47175
2516,664.0,689.0,g47177
2517,484.0,518.0,g47179
2518,341.0,309.0,g47181
2519,542.0,639.0,g47183
2520,394.0,666.0,g47185
2521,4.0,1.0,g47187
2522,43.0,55.0,g47189
2523,117.0,177.0,g48001
2524,120.0,416.0,g48003
2525,501.0,317.0,g48005
2526,306.0,105.0,g48007
2527,119.0,136.0,g48009
2528,366.0,298.0,g48011
2529,402.0,230.0,g48013
2530,144.0,372.0,g48015
2531,312.0,253.0,g48017
2532,272.0,503.0,g48019
2533,72.0,199.0,g48021
2534,126.0,149.0,g48023
2535,490.0,345.0,g48025
2536,383.0,451.0,g48027
2537,237.0,214.0,g48029
2538,255.0,496.0,g48031
2539,12.0,130.0,g48033
2540,230.0,152.0,g48035
2541,328.0,440.0,g48037
2542,58.0,92.0,g48039
2543,348.0,248.0,g48041
2544,351.0,486.0,g48043
2545,477.0,344.0,g48045
2546,3.0,1.0,g48047
2547,347.0,290.0,g48049
2548,269.0,480.0,g48051
2549,414.0,354.0,g48053
2550,376.0,328.0,g48055
2551,430.0,380.0,g48057
2552,305.0,363.0,g48059
2553,15.0,15.0,g48061
2554,417.0,228.0,g48063
2555,109.0,145.0,g48065
2556,207.0,147.0,g48067
2557,300.0,173.0,g48069
2558,11.0,35.0,g48071
2559,377.0,252.0,g48073
2560,353.0,324.0,g48075
2561,273.0,297.0,g48077
2562,327.0,362.0,g48079
2563,192.0,80.0,g48081
2564,82.0,88.0,g48083
2565,28.0,33.0,g48085
2566,245.0,99.0,g48087
2567,479.0,306.0,g48089
2568,74.0,197.0,g48091
2569,147.0,132.0,g48093
2570,87.0,213.0,g48095
2571,438.0,450.0,g48097
2572,495.0,494.0,g48099
2573,17.0,20.0,g48101
2574,317.0,423.0,g48103
2575,423.0,146.0,g48105
2576,48.0,43.0,g48107
2577,20.0,14.0,g48109
2578,217.0,374.0,g48111
2579,292.0,435.0,g48113
2580,489.0,473.0,g48115
2581,350.0,171.0,g48117
2582,290.0,295.0,g48119
2583,43.0,55.0,g48121
2584,461.0,219.0,g48123
2585,194.0,126.0,g48125
2586,24.0,6.0,g48127
2587,386.0,449.0,g48129
2588,33.0,9.0,g48131
2589,224.0,159.0,g48133
2590,274.0,418.0,g48135
2591,184.0,48.0,g48137
2592,95.0,169.0,g48139
2593,46.0,36.0,g48141
2594,275.0,358.0,g48143
2595,118.0,70.0,g48145
2596,409.0,376.0,g48147
2597,405.0,360.0,g48149
2598,222.0,206.0,g48151
2599,112.0,64.0,g48153
2600,8.0,10.0,g48155
2601,29.0,38.0,g48157
2602,475.0,319.0,g48159
2603,165.0,370.0,g48161
2604,260.0,123.0,g48163
2605,66.0,201.0,g48165
2606,151.0,224.0,g48167
2607,467.0,218.0,g48169
2608,298.0,112.0,g48171
2609,2.0,7.0,g48173
2610,460.0,225.0,g48175
2611,455.0,157.0,g48177
2612,367.0,396.0,g48179
2613,463.0,403.0,g48181
2614,387.0,478.0,g48183
2615,196.0,424.0,g48185
2616,135.0,261.0,g48187
2617,244.0,185.0,g48189
2618,57.0,59.0,g48191
2619,88.0,81.0,g48193
2620,362.0,366.0,g48195
2621,93.0,73.0,g48197
2622,84.0,139.0,g48199
2623,449.0,479.0,g48201
2624,172.0,385.0,g48203
2625,13.0,28.0,g48205
2626,422.0,260.0,g48207
2627,96.0,135.0,g48209
2628,279.0,436.0,g48211
2629,406.0,420.0,g48213
2630,26.0,21.0,g48215
2631,454.0,359.0,g48217
2632,374.0,398.0,g48219
2633,153.0,371.0,g48221
2634,474.0,439.0,g48223
2635,481.0,267.0,g48225
2636,349.0,226.0,g48227
2637,94.0,31.0,g48229
2638,288.0,353.0,g48231
2639,297.0,404.0,g48233
2640,68.0,282.0,g48235
2641,59.0,113.0,g48237
2642,261.0,453.0,g48239
2643,324.0,488.0,g48241
2644,457.0,124.0,g48243
2645,411.0,485.0,g48245
2646,176.0,44.0,g48247
2647,216.0,56.0,g48249
2648,81.0,128.0,g48251
2649,425.0,433.0,g48253
2650,435.0,408.0,g48255
2651,89.0,168.0,g48257
2652,35.0,121.0,g48259
2653,25.0,16.0,g48261
2654,221.0,220.0,g48263
2655,191.0,83.0,g48265
2656,205.0,94.0,g48267
2657,75.0,110.0,g48269
2658,73.0,54.0,g48271
2659,177.0,84.0,g48273
2660,42.0,37.0,g48275
2661,249.0,258.0,g48277
2662,100.0,58.0,g48279
2663,412.0,465.0,g48281
2664,91.0,24.0,g48283
2665,496.0,302.0,g48285
2666,193.0,459.0,g48287
2667,329.0,301.0,g48289
2668,80.0,190.0,g48291
2669,458.0,340.0,g48293
2670,278.0,413.0,g48295
2671,476.0,294.0,g48297
2672,296.0,100.0,g48299
2673,1.0,2.0,g48301
2674,441.0,458.0,g48303
2675,190.0,93.0,g48305
2676,246.0,192.0,g48307
2677,318.0,300.0,g48309
2678,78.0,156.0,g48311
2679,243.0,471.0,g48313
2680,491.0,221.0,g48315
2681,356.0,461.0,g48317
2682,488.0,234.0,g48319
2683,448.0,249.0,g48321
2684,14.0,5.0,g48323
2685,308.0,426.0,g48325
2686,22.0,19.0,g48327
2687,54.0,241.0,g48329
2688,321.0,195.0,g48331
2689,236.0,166.0,g48333
2690,108.0,118.0,g48335
2691,450.0,411.0,g48337
2692,34.0,76.0,g48339
2693,369.0,303.0,g48341
2694,179.0,117.0,g48343
2695,432.0,277.0,g48345
2696,442.0,395.0,g48347
2697,502.0,292.0,g48349
2698,206.0,318.0,g48351
2699,110.0,87.0,g48353
2700,226.0,116.0,g48355
2701,268.0,481.0,g48357
2702,168.0,165.0,g48359
2703,164.0,186.0,g48361
2704,487.0,287.0,g48363
2705,67.0,259.0,g48365
2706,31.0,65.0,g48367
2707,384.0,198.0,g48369
2708,482.0,229.0,g48371
2709,480.0,307.0,g48373
2710,204.0,210.0,g48375
2711,30.0,11.0,g48377
2712,372.0,475.0,g48379
2713,154.0,189.0,g48381
2714,41.0,194.0,g48383
2715,83.0,51.0,g48385
2716,115.0,79.0,g48387
2717,50.0,27.0,g48389
2718,124.0,52.0,g48391
2719,293.0,501.0,g48393
2720,465.0,162.0,g48395
2721,18.0,42.0,g48397
2722,116.0,75.0,g48399
2723,149.0,284.0,g48401
2724,225.0,103.0,g48403
2725,85.0,34.0,g48405
2726,188.0,447.0,g48407
2727,357.0,176.0,g48409
2728,400.0,407.0,g48411
2729,311.0,283.0,g48413
2730,303.0,492.0,g48415
2731,364.0,484.0,g48417
2732,241.0,452.0,g48419
2733,403.0,431.0,g48421
2734,316.0,497.0,g48423
2735,130.0,215.0,g48425
2736,5.0,3.0,g48427
2737,359.0,477.0,g48429
2738,276.0,463.0,g48431
2739,340.0,357.0,g48433
2740,69.0,489.0,g48435
2741,330.0,323.0,g48437
2742,391.0,270.0,g48439
2743,319.0,334.0,g48441
2744,323.0,142.0,g48443
2745,368.0,231.0,g48445
2746,418.0,487.0,g48447
2747,410.0,275.0,g48449
2748,263.0,211.0,g48451
2749,139.0,154.0,g48453
2750,301.0,109.0,g48455
2751,339.0,438.0,g48457
2752,218.0,349.0,g48459
2753,445.0,207.0,g48461
2754,45.0,30.0,g48463
2755,52.0,32.0,g48465
2756,500.0,434.0,g48467
2757,462.0,256.0,g48469
2758,159.0,172.0,g48471
2759,62.0,196.0,g48473
2760,342.0,120.0,g48475
2761,468.0,289.0,g48477
2762,32.0,13.0,g48479
2763,365.0,150.0,g48481
2764,338.0,427.0,g48483
2765,470.0,498.0,g48485
2766,113.0,95.0,g48487
2767,23.0,23.0,g48489
2768,65.0,82.0,g48491
2769,106.0,268.0,g48493
2770,459.0,281.0,g48495
2771,40.0,107.0,g48497
2772,285.0,187.0,g48499
2773,138.0,402.0,g48501
2774,466.0,311.0,g48503
2775,47.0,17.0,g48505
2776,9.0,4.0,g48507
2777,269.0,230.0,g49001
2778,101.0,86.0,g49003
2779,86.0,91.0,g49005
2780,209.0,228.0,g49007
2781,17.0,260.0,g49009
2782,165.0,30.0,g49011
2783,100.0,49.0,g49013
2784,186.0,102.0,g49015
2785,135.0,257.0,g49017
2786,82.0,270.0,g49019
2787,208.0,140.0,g49021
2788,156.0,126.0,g49023
2789,91.0,266.0,g49025
2790,220.0,202.0,g49027
2791,30.0,17.0,g49029
2792,8.0,141.0,g49031
2793,270.0,166.0,g49033
2794,105.0,98.0,g49035
2795,67.0,89.0,g49037
2796,216.0,121.0,g49039
2797,176.0,149.0,g49041
2798,48.0,12.0,g49043
2799,66.0,45.0,g49045
2800,38.0,43.0,g49047
2801,53.0,46.0,g49049
2802,96.0,55.0,g49051
2803,173.0,256.0,g49053
2804,277.0,175.0,g49055
2805,267.0,136.0,g49057
2806,15.0,19.0,g50001
2807,29.0,46.0,g50003
2808,53.0,67.0,g50005
2809,8.0,11.0,g50007
2810,40.0,42.0,g50009
2811,35.0,20.0,g50011
2812,6.0,7.0,g50013
2813,10.0,25.0,g50015
2814,20.0,23.0,g50017
2815,21.0,49.0,g50019
2816,67.0,66.0,g50021
2817,27.0,32.0,g50023
2818,28.0,53.0,g50025
2819,44.0,50.0,g50027
2820,58.0,142.0,g51001
2821,66.0,57.0,g51003
2822,186.0,139.0,g51005
2823,128.0,74.0,g51007
2824,159.0,216.0,g51009
2825,281.0,274.0,g51011
2826,24.0,6.0,g51013
2827,103.0,90.0,g51015
2828,79.0,91.0,g51017
2829,71.0,60.0,g51019
2830,183.0,63.0,g51021
2831,34.0,54.0,g51023
2832,6.0,93.0,g51025
2833,119.0,206.0,g51027
2834,38.0,165.0,g51029
2835,138.0,164.0,g51031
2836,155.0,94.0,g51033
2837,163.0,234.0,g51035
2838,43.0,174.0,g51036
2839,92.0,126.0,g51037
2840,63.0,40.0,g51041
2841,53.0,41.0,g51043
2842,191.0,263.0,g51045
2843,205.0,67.0,g51047
2844,184.0,242.0,g51049
2845,107.0,253.0,g51051
2846,268.0,145.0,g51053
2847,104.0,150.0,g51057
2848,113.0,9.0,g51059
2849,45.0,25.0,g51061
2850,157.0,155.0,g51063
2851,67.0,141.0,g51065
2852,188.0,163.0,g51067
2853,73.0,48.0,g51069
2854,185.0,233.0,g51071
2855,88.0,78.0,g51073
2856,19.0,12.0,g51075
2857,114.0,135.0,g51077
2858,176.0,86.0,g51079
2859,7.0,64.0,g51081
2860,93.0,82.0,g51083
2861,15.0,31.0,g51085
2862,98.0,103.0,g51087
2863,168.0,147.0,g51089
2864,250.0,102.0,g51091
2865,76.0,59.0,g51093
2866,126.0,112.0,g51095
2867,225.0,92.0,g51097
2868,41.0,17.0,g51099
2869,20.0,45.0,g51101
2870,16.0,20.0,g51103
2871,134.0,173.0,g51105
2872,29.0,1.0,g51107
2873,116.0,75.0,g51109
2874,48.0,284.0,g51111
2875,244.0,281.0,g51113
2876,231.0,201.0,g51115
2877,25.0,77.0,g51117
2878,101.0,208.0,g51119
2879,62.0,47.0,g51121
2880,144.0,151.0,g51125
2881,35.0,27.0,g51127
2882,18.0,56.0,g51131
2883,87.0,88.0,g51133
2884,22.0,116.0,g51135
2885,192.0,186.0,g51137
2886,209.0,235.0,g51139
2887,72.0,89.0,g51141
2888,232.0,179.0,g51143
2889,52.0,8.0,g51145
2890,82.0,176.0,g51147
2891,90.0,14.0,g51149
2892,233.0,23.0,g51153
2893,256.0,275.0,g51155
2894,83.0,81.0,g51157
2895,17.0,128.0,g51159
2896,61.0,111.0,g51161
2897,196.0,248.0,g51163
2898,143.0,117.0,g51165
2899,259.0,243.0,g51167
2900,124.0,188.0,g51169
2901,252.0,217.0,g51171
2902,154.0,122.0,g51173
2903,110.0,197.0,g51175
2904,102.0,42.0,g51177
2905,44.0,11.0,g51179
2906,255.0,104.0,g51181
2907,10.0,136.0,g51183
2908,248.0,277.0,g51185
2909,97.0,80.0,g51187
2910,109.0,157.0,g51191
2911,78.0,162.0,g51193
2912,235.0,178.0,g51195
2913,271.0,257.0,g51197
2914,28.0,29.0,g51199
2915,115.0,44.0,g51510
2916,85.0,16.0,g51515
2917,189.0,33.0,g51520
2918,234.0,76.0,g51530
2919,167.0,211.0,g51540
2920,50.0,46.0,g51550
2921,241.0,99.0,g51570
2922,282.0,202.0,g51580
2923,57.0,22.0,g51590
2924,2.0,4.0,g51595
2925,149.0,24.0,g51600
2926,8.0,7.0,g51610
2927,55.0,10.0,g51620
2928,171.0,268.0,g51630
2929,3.0,2.0,g51640
2930,158.0,177.0,g51650
2931,129.0,143.0,g51660
2932,77.0,51.0,g51670
2933,40.0,72.0,g51678
2934,270.0,97.0,g51680
2935,21.0,113.0,g51683
2936,4.0,266.0,g51685
2937,36.0,5.0,g51690
2938,223.0,272.0,g51700
2939,251.0,195.0,g51710
2940,160.0,69.0,g51720
2941,5.0,13.0,g51730
2942,12.0,18.0,g51735
2943,227.0,120.0,g51740
2944,206.0,190.0,g51750
2945,121.0,87.0,g51760
2946,130.0,61.0,g51770
2947,148.0,222.0,g51775
2948,280.0,49.0,g51790
2949,94.0,83.0,g51800
2950,70.0,58.0,g51810
2951,260.0,100.0,g51820
2952,147.0,212.0,g51830
2953,69.0,108.0,g51840
2954,7.0,33.0,g53001
2955,21.0,40.0,g53003
2956,81.0,36.0,g53005
2957,98.0,83.0,g53007
2958,42.0,35.0,g53009
2959,35.0,27.0,g53011
2960,59.0,25.0,g53013
2961,34.0,102.0,g53015
2962,94.0,105.0,g53017
2963,90.0,62.0,g53019
2964,22.0,56.0,g53021
2965,97.0,57.0,g53023
2966,32.0,85.0,g53025
2967,40.0,59.0,g53027
2968,31.0,60.0,g53029
2969,113.0,77.0,g53031
2970,1.0,2.0,g53033
2971,27.0,18.0,g53035
2972,100.0,72.0,g53037
2973,86.0,116.0,g53039
2974,65.0,100.0,g53041
2975,89.0,114.0,g53043
2976,118.0,111.0,g53045
2977,18.0,21.0,g53047
2978,73.0,17.0,g53049
2979,37.0,96.0,g53051
2980,45.0,39.0,g53053
2981,77.0,98.0,g53055
2982,117.0,93.0,g53057
2983,43.0,13.0,g53059
2984,17.0,5.0,g53061
2985,119.0,73.0,g53063
2986,108.0,101.0,g53065
2987,70.0,42.0,g53067
2988,116.0,115.0,g53069
2989,50.0,81.0,g53071
2990,96.0,54.0,g53073
2991,71.0,24.0,g53075
2992,4.0,16.0,g53077
2993,212.0,182.0,g54001
2994,112.0,96.0,g54003
2995,224.0,166.0,g54005
2996,180.0,240.0,g54007
2997,266.0,114.0,g54009
2998,195.0,158.0,g54011
2999,150.0,205.0,g54013
3000,132.0,269.0,g54015
3001,84.0,228.0,g54017
3002,105.0,125.0,g54019
3003,14.0,199.0,g54021
3004,269.0,249.0,g54023
3005,146.0,101.0,g54025
3006,274.0,204.0,g54027
3007,249.0,138.0,g54029
3008,80.0,198.0,g54031
3009,217.0,189.0,g54033
3010,222.0,225.0,g54035
3011,106.0,68.0,g54037
3012,135.0,231.0,g54039
3013,193.0,154.0,g54041
3014,136.0,180.0,g54043
3015,198.0,200.0,g54045
3016,23.0,53.0,g54047
3017,220.0,229.0,g54049
3018,177.0,238.0,g54051
3019,221.0,214.0,g54053
3020,236.0,118.0,g54055
3021,277.0,159.0,g54057
3022,247.0,271.0,g54059
3023,86.0,55.0,g54061
3024,170.0,250.0,g54063
3025,230.0,215.0,g54065
3026,226.0,262.0,g54067
3027,273.0,65.0,g54069
3028,99.0,224.0,g54071
3029,133.0,237.0,g54073
3030,30.0,130.0,g54075
3031,264.0,123.0,g54077
3032,60.0,62.0,g54079
3033,258.0,273.0,g54081
3034,137.0,218.0,g54083
3035,139.0,152.0,g54085
3036,118.0,106.0,g54087
3037,91.0,50.0,g54089
3038,190.0,261.0,g54091
3039,173.0,260.0,g54093
3040,89.0,119.0,g54095
3041,261.0,256.0,g54097
3042,213.0,236.0,g54099
3043,81.0,107.0,g54101
3044,219.0,181.0,g54103
3045,210.0,70.0,g54105
3046,145.0,251.0,g54107
3047,254.0,232.0,g54109
3048,469.0,353.0,g55001
3049,74.0,164.0,g55003
3050,345.0,436.0,g55005
3051,221.0,249.0,g55007
3052,351.0,180.0,g55009
3053,367.0,217.0,g55011
3054,148.0,85.0,g55013
3055,48.0,23.0,g55015
3056,134.0,163.0,g55017
3057,260.0,415.0,g55019
3058,132.0,123.0,g55021
3059,480.0,467.0,g55023
3060,93.0,50.0,g55025
3061,81.0,87.0,g55027
3062,335.0,200.0,g55029
3063,404.0,512.0,g55031
3064,94.0,126.0,g55033
3065,184.0,215.0,g55035
3066,255.0,150.0,g55037
3067,409.0,342.0,g55039
3068,38.0,44.0,g55041
3069,177.0,197.0,g55043
3070,252.0,187.0,g55045
3071,305.0,406.0,g55047
3072,114.0,103.0,g55049
3073,58.0,40.0,g55051
3074,505.0,479.0,g55053
3075,200.0,159.0,g55055
3076,274.0,378.0,g55057
3077,463.0,208.0,g55059
3078,136.0,84.0,g55061
3079,249.0,259.0,g55063
3080,334.0,147.0,g55065
3081,287.0,358.0,g55067
3082,350.0,411.0,g55069
3083,426.0,351.0,g55071
3084,182.0,92.0,g55073
3085,375.0,390.0,g55075
3086,479.0,385.0,g55077
3087,1.0,1.0,g55078
3088,7.0,142.0,g55079
3089,311.0,273.0,g55081
3090,191.0,143.0,g55083
3091,470.0,364.0,g55085
3092,110.0,62.0,g55087
3093,35.0,22.0,g55089
3094,509.0,425.0,g55091
3095,39.0,57.0,g55093
3096,278.0,274.0,g55095
3097,157.0,140.0,g55097
3098,415.0,470.0,g55099
3099,421.0,301.0,g55101
3100,457.0,510.0,g55103
3101,432.0,422.0,g55105
3102,236.0,384.0,g55107
3103,31.0,26.0,g55109
3104,337.0,313.0,g55111
3105,14.0,42.0,g55113
3106,224.0,326.0,g55115
3107,341.0,232.0,g55117
3108,401.0,181.0,g55119
3109,502.0,288.0,g55121
3110,418.0,443.0,g55123
3111,73.0,56.0,g55125
3112,439.0,322.0,g55127
3113,189.0,156.0,g55129
3114,59.0,41.0,g55131
3115,41.0,28.0,g55133
3116,481.0,491.0,g55135
3117,472.0,492.0,g55137
3118,205.0,210.0,g55139
3119,521.0,511.0,g55141
3120,76.0,58.0,g56001
3121,290.0,227.0,g56003
3122,9.0,8.0,g56005
3123,172.0,110.0,g56007
3124,103.0,85.0,g56009
3125,157.0,95.0,g56011
3126,249.0,225.0,g56013
3127,253.0,240.0,g56015
3128,142.0,154.0,g56017
3129,153.0,112.0,g56019
3130,284.0,162.0,g56021
3131,125.0,76.0,g56023
3132,110.0,107.0,g56025
3133,92.0,213.0,g56027
3134,291.0,214.0,g56029
3135,107.0,207.0,g56031
3136,265.0,194.0,g56033
3137,10.0,5.0,g56035
3138,40.0,23.0,g56037
3139,81.0,47.0,g56039
3140,97.0,78.0,g56041
3141,288.0,264.0,g56043
3142,117.0,97.0,g56045
